run_id,id,class,keep_ego,n_rows,t0,t_end,duration_s,x0,y0,speed0,heading0,dest_x,dest_y,chord_m,path_m,lane_kf,desired_speed
1,2,2.0,True,216,0.0,21.5,21.5,46.24960363663388,23.365449733074048,2.48815910363477,-2.5151456458674337,20.60065152228305,31.30226383865534,26.848868927960744,44.15724281119972,9,2.8580282182162167
1,18,2.0,False,2506,0.0,250.5,250.5,7.640033938613223,24.503938473877177,0.4210791511195742,-1.3976027871147962,19.970972576609608,31.285678121980823,14.072812098109356,32.934387541186275,14,1.698533164196011
1,31,2.0,True,230,0.0,22.9,22.9,49.01585453464463,26.11867870104293,1.85036817705702,-2.42899265955756,20.7315814898308,31.272980172541928,28.750076962204453,47.95424330781857,2,2.8524376329805166
1,40,2.0,False,2153,0.0,215.2,215.2,0.2121020883394852,22.416426939083905,1.68493043230413,-1.5632462694545153,53.05417172442837,31.271757407040408,53.57892497168999,68.73159330503647,15,2.695635227084047
1,32,2.0,True,205,0.0,20.4,20.4,8.371825996482276,23.039410285629355,2.2413617071021066,0.2741674511196143,52.45085713577922,31.26561222657121,44.84006450209751,47.3511003999581,15,3.540390979698443
1,21,2.0,False,96,0.0,9.6,9.6,2.68085936532316,21.543968077266083,2.509762199535609,0.0519977388457407,19.848236183020784,31.287622005598635,19.73974717862243,21.102481081359823,14,3.1325883106230115
1,1039,2.0,True,619,5.300000000000001,68.3,63.0,55.06639086382441,12.496193131146727,2.8500909032933985,-3.0039632487334385,14.930754081304036,3.709368884237125,41.0862217815715,42.481158225468775,13,3.2894283334933525
1,1300,1.0,True,268,8.200000000000001,36.4,28.2,37.31983427056755,10.037525237198702,7.968932995889842,-0.035921270987667,19.11226373027473,4.943954452275373,18.906614935539448,20.77344381317308,13,2.3774324034758525
1,1503,2.0,True,258,10.7,36.4,25.7,0.073553211781901,20.69260975858993,0.3557582294911516,0.2002426387499548,19.633531102137884,31.281508178091013,22.242245947964143,24.64139961352291,14,2.047681072708312
1,1575,2.0,True,282,12.0,40.1,28.1,55.30896524388733,12.353035508583744,1.2846190382533536,-2.8832843699848247,21.025323903188248,31.31104266789704,39.17619301349054,50.44842057593863,10,2.9990847923142194
1,1618,2.0,True,222,12.5,34.6,22.1,55.08155176257834,31.22096560928481,2.8288976473915586,-2.6464848321103074,20.753431020387943,31.2456717430079,34.32812963275812,56.19273090764089,2,4.3175043971206115
1,1880,2.0,True,786,17.0,95.7,78.7,55.09816186488963,12.2354932556296,1.1933126579936726,-2.8973440505631944,14.355197314638197,3.3540457706790203,41.69975143536206,44.81559904143368,13,2.7162559324786666
1,2097,2.0,True,833,19.1,102.3,83.19999999999999,55.548195308048655,12.221478481804445,1.713215037145953,2.862093117329888,13.791735823816484,3.027673981841603,42.75661293696987,44.845704988725736,13,2.561427712940092
1,2298,2.0,True,267,21.3,47.900000000000006,26.600000000000005,55.26130874228949,31.24902650989669,1.4155625990827485,-2.4829837354955844,20.2752495850571,31.299912366537026,34.98609616295837,56.75779005082556,2,3.0354787076924037
1,2611,2.0,True,843,23.200000000000003,107.5,84.3,55.41386528600093,11.975326380459286,1.318296701177503,-2.505416427355644,14.162286025714074,3.217033328585231,42.171085931598135,43.81779868254256,13,2.4968157864246665
1,2889,2.0,True,277,25.200000000000003,52.8,27.599999999999994,0.1180354002031362,20.11502550040875,0.384271445035515,0.9073693231064256,52.97569177793743,31.28081841293632,54.02413135916288,56.66346683179263,15,3.821636589312818
1,2900,2.0,True,313,25.200000000000003,56.400000000000006,31.200000000000003,55.378972923427554,11.834300759283574,1.471573316003022,-2.392776823119393,52.99458716278148,31.278059352317488,19.58941151948552,69.27084941279674,11,5.243841944389778
1,3112,1.0,True,325,29.200000000000003,62.3,33.099999999999994,0.120952758441301,20.200274202938044,0.9645282335448976,0.5854042373254971,52.348632546386895,31.01184135556271,53.33498401919601,55.99928816784823,15,3.4139515417659965
1,3512,2.0,True,346,35.1,69.60000000000001,34.50000000000001,0.1094951321624098,20.31565310154334,0.4878794537600419,-0.2949811260617614,53.27584413010628,31.251722864592363,54.27944627235472,56.774417891383976,15,3.0414325744159707
1,3813,2.0,True,336,38.2,72.3,34.099999999999994,0.1253711571333019,20.42886864579979,0.710351668340368,0.7636948532479805,53.416249659375225,31.244260859736915,54.37729710349718,56.98781934912793,15,2.829950514484372
1,3974,2.0,True,256,40.5,66.0,25.5,11.893948026853618,23.506036412787672,1.470597334801077,0.3575094645954172,53.02541060767459,31.22707943679243,41.84987119951515,44.33731470785851,15,3.274545345395696
1,4003,2.0,True,354,41.2,76.5,35.3,0.1027931230955978,20.527097474422177,1.125495571789498,0.8887771512683305,53.12741224267347,31.26739934538113,54.10142620167816,56.933638221791846,15,2.785653789305519
1,3999,2.0,True,469,41.2,88.0,46.8,55.51653578418015,11.901333391136324,1.2046118783292088,-3.006058189195053,53.539264745955855,31.29354771533679,19.4927570434335,75.56990387319561,11,3.0856181133408684
1,4534,1.0,False,150,47.6,62.5,14.9,0.1337102088339485,20.66846797817524,0.8912486270395977,-0.2823181027293018,19.633531102137884,31.310039373126564,22.21454605939043,23.486737303156,14,2.4379369789039265
1,4574,2.0,True,344,48.1,82.4,34.300000000000004,21.8017625783437,28.20245923340848,1.3901278394549348,-1.5946463401311817,21.000241533926225,31.293108773874696,3.192890628666775,52.39238962550118,1,2.455248779146865
1,4597,2.0,True,638,48.400000000000006,112.9,64.5,55.58548443035153,11.938988297990932,1.216722694306341,-2.94325193996126,14.418181930785046,3.344106881858945,42.0549495499422,44.33088166027159,13,2.7142397569431287
1,4723,2.0,True,282,50.2,78.30000000000001,28.10000000000001,0.1091116506056927,20.65780797123888,1.1597246028739172,-0.6730971338224976,53.04207644858424,31.22341114028786,53.97713157097044,56.584224821086025,15,2.990737143805949
1,4784,2.0,True,671,51.3,118.3,67.0,55.27446305150246,11.870262606212997,1.0043446316799045,-2.9137149266262,14.534062476775585,3.4674807856665097,41.59792039649233,42.64577461340267,13,2.719592803277202
1,4955,2.0,True,363,54.2,90.4,36.2,55.44117719919736,31.20071159610573,1.5138693766449929,-2.4998730155959943,53.252433918795056,31.27323099623455,2.1899443396811007,75.80196270291898,6,3.333133473903092
1,4978,2.0,True,276,54.6,82.10000000000001,27.500000000000007,0.2485278197537592,20.810120658582505,0.8006683304819898,0.3736728361923802,53.04057150642852,31.19243441424926,53.80327420833126,56.57953537183432,15,2.8461842045007892
1,5253,2.0,False,152,57.5,72.60000000000001,15.100000000000009,0.1033315579557559,20.895055831496023,0.6229999597555346,0.464210830568971,20.056587063690635,31.26373104887656,22.486481072872667,23.79071049254977,14,2.3089472541088703
1,5272,2.0,True,340,57.7,91.6,33.89999999999999,55.55605445041742,31.20168353791464,1.6787113433968155,-2.549874568201029,21.085465850818736,31.22325437547997,34.47059534884502,56.68031311657573,2,3.1362759189496705
1,5376,2.0,True,631,58.8,123.1,64.3,55.597022320212055,11.804703563554389,1.1839745459757676,-2.889942509598609,14.467287635940249,3.435312647087968,41.97263131507509,43.05537548300304,13,2.718710404906017
1,5623,2.0,True,320,61.0,92.9,31.90000000000001,0.101520610895038,20.838275618079123,0.8558897125255742,0.8552686418722169,53.37104565610524,31.265141932147543,54.28040014290362,56.992971983835645,15,3.171745033391535
1,5797,2.0,True,644,62.6,128.70000000000002,66.10000000000002,55.35205118041965,11.702837791389006,1.4617136984211565,-2.715174797787268,14.498835682612034,3.500997101592885,41.66839818388876,42.98677647873405,13,2.9741785294637775
1,5906,2.0,True,321,63.8,95.8,32.0,0.0929050957465256,20.756005446899696,1.0491340295730998,-1.097684889076789,53.303992122278096,31.247364802933085,54.23549025944678,56.87298098679589,15,3.226759379384146
1,5992,2.0,True,666,65.5,133.4,67.9,21.365217875987813,31.282417413976763,1.5370793924116697,-1.4219255782024156,14.500730794956276,3.4254678171526245,28.690256599160094,49.47511819260341,4,2.3700140110472283
1,6505,2.0,True,302,74.10000000000001,104.6,30.499999999999982,0.1258549681670671,20.54239771967201,0.8004145484406373,0.0585502366514929,53.27311293878663,31.257397750637896,54.2166234236252,56.74328957270994,15,3.386076909227685
1,6567,2.0,True,598,75.0,134.70000000000002,59.70000000000002,55.65866920999826,31.144276265266186,1.7936910647820548,-2.0498443690519417,52.8872903609384,31.28323259097778,2.7748602821532486,76.26168776580067,6,2.9946157053610722
1,6739,2.0,True,511,77.60000000000001,128.6,50.99999999999999,55.58866153045805,31.03817784328783,2.6310479176635395,-2.3611557913141934,21.15865063046548,27.45666633636386,34.61578939223885,53.797307924707255,2,2.7952646066184856
1,6802,2.0,True,451,78.5,123.5,45.0,0.158470966383432,20.734560021180663,1.1283797004195255,-0.2647564541939599,52.90228404389724,31.26460893180073,53.78467949161515,56.732802372100686,15,3.2600396139038192
1,6848,2.0,False,2193,78.9,298.6,219.7,21.69730844501697,31.20654324695915,1.4489064731540624,-2.023800963598337,20.54736542225085,31.28169629586048,1.1523961716213946,63.0602388037141,1,2.25720951783929
1,6892,2.0,True,779,79.5,157.3,77.80000000000001,55.547860876458486,31.15575144920356,1.5177607180701045,-2.5696480749608317,13.80020809076721,3.146050223573712,50.2733515479492,51.57616138011187,8,2.9121885501894242
1,7022,2.0,True,272,81.0,108.1,27.099999999999994,0.1790334927044368,20.663514210245992,1.1740648643900171,-0.6280543408560952,53.24201080090173,31.215478841008743,54.10197333165519,56.678390976168544,15,4.255513688037013
1,7091,2.0,True,564,81.9,140.20000000000002,58.30000000000001,55.37462531275546,11.65069781628558,1.5335248338803262,-2.675835788067088,13.785716055193598,3.073976035499294,42.464073400213614,45.02815747551787,13,2.8981466069460176
1,7191,2.0,True,277,83.9,111.7,27.8,0.1343422845393514,20.597798402779496,1.508212476126945,0.3684288803606886,53.38709837243293,31.30909878427924,54.31931504372458,56.87541446906125,15,3.331092162275478
1,7551,2.0,True,558,88.80000000000001,144.5,55.69999999999999,55.48894517799192,11.699827907077564,1.0225375685303495,-3.109377240456177,14.43311987514554,3.4407994153640344,41.87830396428176,42.67691724759388,13,2.467045082482592
1,7807,2.0,True,393,93.1,133.8,40.70000000000002,41.63149354670895,9.874740660688186,3.103984054584596,3.012016987297897,21.048009512720785,31.298658248073924,29.70966273400864,36.82617251119001,10,2.401284931621203
1,7830,2.0,True,705,93.3,163.70000000000002,70.40000000000002,55.41375380880422,11.65420934798226,0.875365524542071,3.0042431323692638,13.65757301756385,2.986463649144103,42.64631812677947,43.7328871523787,13,1.8994835615783654
1,8555,2.0,True,245,102.9,127.3,24.39999999999999,0.1984466891272574,20.457117664181137,1.2222091212768569,-0.1786870619430396,53.07657864096911,31.266646874303262,53.97168480287494,56.50485925794037,15,3.0799660380885103
1,8706,2.0,True,701,104.8,175.0,70.2,55.51581118240146,11.687537546139174,1.2022876791492156,-2.984567038076526,13.888888200758045,3.112004042596676,42.50106459596103,43.74433772211383,13,2.180783177154793
1,8965,2.0,True,213,108.5,130.0,21.5,0.1703143037629747,20.42297428902321,1.6081715666105223,0.4477130600448552,53.104280724354055,31.247458861817822,54.02938336944938,56.56022990271662,15,3.5323465173651907
1,8998,2.0,True,692,109.1,179.10000000000002,70.00000000000003,55.61162583298239,11.800596325587732,0.8053575850831345,-2.9448706757477288,14.150971090246983,3.088088003505338,42.36618572586708,43.8510444685118,13,1.8917569954715199
1,9425,2.0,True,712,113.3,184.5,71.2,55.51229965070478,11.814109452027646,1.7032896770620147,-2.256217248216887,14.534675601357549,3.393832678920901,41.83379893896037,42.99066912263832,13,1.5049166974440908
1,9589,2.0,True,558,115.1,171.70000000000002,56.60000000000002,42.32677682265216,10.0849622680655,0.3934909639606525,-3.0500242981575263,14.321085292441849,3.2188204473951494,28.835094270469305,29.97878446578165,13,2.020104353798321
1,10114,2.0,True,449,122.7,167.5,44.8,55.41564892114846,31.063667801050364,2.4720451194897173,-2.4501790037809683,14.466451556964849,3.3651133661158865,49.437300518494034,50.84122531460952,8,4.340992937973667
1,10512,2.0,True,254,129.0,154.5,25.5,0.103406805063542,20.466366787846507,0.7323529639783148,-0.3080766933470987,53.00389550870761,31.231280733643818,53.98467446734114,56.414604777416514,15,3.0939489733474828
1,10515,2.0,False,142,129.1,143.20000000000002,14.100000000000025,22.255251814601035,27.091905981370925,1.7406371352424233,-1.2749397015041442,53.06414893353482,31.26777558092006,31.090609974677,35.923023791361885,2,3.8241066011651372
1,10884,2.0,True,237,133.9,157.5,23.599999999999994,0.0942311170015111,20.673829334605,0.5464962489540822,-0.3019893290083052,19.801081328808184,31.264389461069687,22.37230227452795,24.21289416252722,14,2.141497023764121
1,11076,2.0,True,212,137.20000000000002,159.8,22.599999999999994,0.1112910298015705,20.442977478509672,0.5801780355281507,0.8788843900015955,19.631858944187083,31.264577578839152,22.31948925113629,24.13897210964919,14,2.2391949718710062
1,11290,2.0,True,309,140.70000000000002,171.60000000000002,30.90000000000001,55.53113929695048,31.130324197364185,2.0521588052399977,-2.31558020226795,20.923935392771323,31.286994946367084,34.607558535513974,56.63527123402514,2,2.8386131855034282
1,11420,1.0,True,451,143.4,189.0,45.6,41.63963138206951,10.025830582530284,0.9776323744928218,3.06366136398672,14.688235439839474,3.433211998662274,27.74599724333612,28.77003841730201,13,1.6561358165854179
1,11641,2.0,True,262,147.20000000000002,174.60000000000002,27.40000000000001,0.0852153987167736,20.431376882725992,0.589127925845312,1.1474871352752096,52.08236926202096,30.84620365954864,53.02992199386448,55.46153695370393,15,3.1308585282640515
1,11702,2.0,True,481,148.0,196.0,48.0,55.47841058290187,31.17989322961825,1.5378835539477549,-2.5603040761303144,14.57870909406198,3.487327210345084,49.39295288407057,50.55396989209653,8,2.8351126089550016
1,11936,2.0,True,564,151.0,207.3,56.30000000000001,55.49563380979513,31.18114734808136,1.7959970706616406,-2.564838810391715,53.02791884460079,31.28329529690093,2.4698282031129506,75.70950358672182,6,2.539520426564926
1,12034,2.0,False,139,152.6,166.5,13.900000000000006,0.0945237446429013,20.449624306364107,0.5870769964477205,0.5800676016790343,19.87855798052865,31.27599005685337,22.55256539753441,23.93784546655549,14,2.4557126343563533
1,12057,2.0,True,226,153.20000000000002,179.8,26.599999999999994,49.02382515421012,25.339965194341914,1.3834388521814402,-2.541332951642405,14.92300641613199,3.4635616654693187,40.51472411315829,41.21339654966008,8,2.279642826498794
1,12117,2.0,True,439,154.20000000000002,198.0,43.79999999999998,55.517817771942426,31.172619342532265,1.7943306652495832,-2.473265433249236,20.542181732603364,31.271757407040408,34.97577654194611,56.70778036099146,2,2.6385297335453184
1,12281,2.0,True,321,157.4,189.4,32.0,0.0979817672851586,20.43996759419823,0.8510817474280835,1.0908032098350358,53.158737334951816,31.266458756533805,54.154009014105306,56.6816551391435,15,2.4329954922267474
1,12372,2.0,True,327,159.10000000000002,192.1,32.99999999999997,39.073426313572966,9.706688786632643,0.0278765001125692,-2.58799447445975,14.88599598682092,3.4400155913245967,24.986055686087727,25.955316456728333,13,1.7864019953656605
1,12443,2.0,True,411,160.20000000000002,201.2,40.99999999999997,55.33248693239527,11.856749479773082,3.0851817247165982,-2.5022404700579943,14.418014714989967,3.47647908563926,41.763895516434125,42.61829263405038,13,2.676971242456831
1,12549,2.0,True,308,162.10000000000002,193.0,30.899999999999977,0.1120802883543488,20.36738548814625,0.7759707301885996,0.9655811946040448,53.08092625164119,31.27476729135185,54.080214685995,56.67945259171958,15,2.6525349979336768
1,12708,2.0,True,330,164.70000000000002,197.8,33.099999999999994,0.1185649168875566,20.44774312866945,1.0468085440463493,0.8598490394606527,52.91488096712661,31.21980554970644,53.88402655035578,56.738581947593325,15,2.6151509744061596
1,12736,2.0,True,403,164.9,205.1,40.19999999999999,21.41047761785617,31.220181785245373,1.4743965568687352,-1.732984432223824,13.791401392226325,3.04488048715535,29.18729048353257,50.90363972357342,4,2.877719658518529
1,12955,2.0,True,328,168.0,200.7,32.69999999999999,0.2006400029727252,20.57848497844774,0.730563929517565,0.1349077724647588,52.76215720762008,31.24216021131122,53.63233222904282,56.348121712940696,15,2.700124391122601
1,13197,2.0,True,320,172.10000000000002,204.0,31.899999999999977,0.0985018084078579,20.510856640325017,0.5280041722187592,0.2478506480120138,52.95846855104417,31.267900992766368,53.94339706797309,56.58324628685521,15,2.62132424202106
1,13341,2.0,True,206,175.0,195.8,20.80000000000001,21.37079173582381,31.16926457564347,1.2662371188492445,-1.2537529404537069,53.17819010577947,31.3080327835856,31.807701075063463,40.08162249511958,2,2.73623098513797
1,13479,2.0,True,534,176.4,231.8,55.400000000000006,0.120186910099834,20.74703849988852,0.5095994808304338,-0.551760204028416,25.70725468823544,4.731883020164986,30.185811940754952,57.45792018199603,17,2.146407291644621
1,14202,2.0,False,178,187.6,205.3,17.700000000000017,55.261141526494406,30.95973273342086,2.306078460376945,-2.4207159764442747,17.584245794832412,4.447386246810513,46.07008778155963,46.69179162447436,8,4.340769691204341
1,14270,2.0,True,204,189.5,209.9,20.40000000000001,21.51783015829762,31.204285833725564,1.4249122155104632,-1.8529513140653773,52.79141997175911,31.279909177050563,31.27368124654816,39.74287669684506,2,2.659646255511656
1,14298,2.0,True,218,190.3,212.0,21.69999999999999,55.58659920231872,11.871767548368716,0.9939669549990529,-2.906555624423657,21.3055218371442,31.305461840736243,39.40635404558863,50.01549352273901,10,3.080278788364596
1,14783,2.0,True,443,197.3,241.5,44.19999999999999,0.1078987787053781,20.55989267223227,1.2455611170652408,0.7737119059287308,52.92335323407734,31.25087633462977,53.88663434467884,56.89182162511662,15,2.8857241661778756
1,14949,2.0,False,182,200.5,218.6,18.099999999999994,55.356956177075325,11.803512151014443,1.4766909491606464,-2.536769300584317,14.343046300195704,3.43465423489484,41.85903231333712,42.26821416955183,13,3.0743669155887687
1,15108,2.0,False,189,203.7,222.5,18.80000000000001,55.54418212896673,31.15117391681324,2.2778513751694445,-2.4465963161656004,14.260999083409716,3.3418181156637843,49.77611347270789,50.586276830845975,8,4.656251453976112
1,15511,2.0,True,562,209.4,265.5,56.1,55.494630515024646,31.20817360096117,2.051399614299617,-2.542520619686871,13.636726781777195,2.951000314303762,50.50298948670263,52.0814994046014,8,3.4840880527224036
1,15803,1.0,False,163,212.9,229.4,16.5,11.840717665419774,23.613294894344392,1.1121572681427128,0.3340375700378488,50.29695047935195,29.242781851512373,38.86609017691744,41.115186774057705,15,3.5426451327367894
1,16011,2.0,True,308,216.5,247.2,30.69999999999999,0.1422649689102484,20.693330876706224,0.7697209588313059,0.1198572446860567,52.89581836648748,31.245734448931056,53.7986116663073,56.45061566053448,15,3.067848624261305
1,16143,2.0,True,292,219.3,249.5,30.19999999999999,0.1081953080486536,20.55729037642133,2.290235531829212,1.0451543110637516,53.06465058092006,31.25965516387148,54.027092898945455,56.681192445796825,15,3.002395888904964
1,16219,2.0,True,295,221.3,250.8,29.5,0.1595077043129288,20.657651206430995,0.9495208638095678,0.3930097055381185,52.868394976094336,31.265424108801746,53.76571066560575,56.22368803623738,15,3.2205427282851558
1,16255,2.0,True,320,221.8,253.7,31.899999999999977,55.114939182996,30.839619537617363,2.3566342997583063,-2.462259080749184,21.21450070602225,31.27414023212029,33.90322310879945,56.70899638409924,2,4.322286747684832
1,16577,2.0,True,201,224.7,245.1,20.40000000000001,55.42930487774667,11.855808890925756,1.342756811839467,-2.656924031424728,14.339479029900662,3.2659753016077486,41.97807796098446,42.43972079039175,13,2.87368544224364
1,16596,2.0,True,228,225.0,247.7,22.69999999999999,55.56441524017143,31.221843492208983,1.730740722484826,-2.4591207001862854,13.756843461243095,2.960870226608368,50.46340919883672,51.20962704031379,8,3.7816510360185944
1,16882,2.0,True,223,228.6,250.8,22.200000000000017,55.345418287214805,11.676752127356504,1.2535429191331913,-2.6073932275574974,14.111954071394951,3.057177118686055,42.1247628428623,42.67932673443538,13,2.497557056213327
1,17182,2.0,True,241,232.4,257.6,25.200000000000017,55.266826863527136,11.788650847226696,1.373435064751975,-2.8520587158745503,14.226050982237966,3.1218300607550726,41.94590644488474,42.82082393932146,13,3.068046456693553
1,17252,2.0,True,252,234.9,261.90000000000003,27.00000000000003,55.32262120048554,11.812980745410856,1.055204867650262,-2.930388649888872,14.403578418014716,3.3125971554735303,41.792637909203016,42.385705108071306,13,2.7652180888727
1,17316,2.0,True,338,236.0,269.7,33.69999999999999,21.31031535660317,31.2530710419402,2.855546821301989,-2.6563671361989374,14.377325538187131,3.2889570224440754,28.81072752843357,49.89322319654265,4,2.640281649346069
1,17456,2.0,True,281,238.7,269.5,30.80000000000001,0.247544590878688,20.622535889464164,1.2532582782377628,-0.5349602500063978,52.9999938068224,31.23676750191989,53.809690679315146,56.35437788221204,15,3.7826389391253237
1,17491,2.0,True,354,239.4,275.1,35.70000000000002,55.5306933881636,31.18268364319865,1.7175113507367905,-2.578428286009723,14.525200039636337,3.512252814799217,49.468204202147376,50.54905947511584,8,3.0213516922636554
1,17589,2.0,True,330,240.8,273.7,32.89999999999998,0.2582391557460301,20.47586673520449,1.1139570940031525,0.3230609231944326,52.97357371119974,31.253039688978618,53.80570559121934,56.63608711133959,15,3.6644794227054556
1,17898,2.0,True,420,246.0,287.90000000000003,41.900000000000034,0.1228099685386578,20.529762476156268,0.4764615683833445,0.7613816864610597,53.06113904922338,31.289377771446976,54.02069980255276,56.73251570866289,15,3.818074975531787
1,18000,2.0,True,237,247.4,271.0,23.599999999999994,55.4116914806649,31.10370553298486,2.3064206085705594,-2.426173779976469,20.91641068199272,31.269155111229463,34.49567756896773,56.602265438738925,2,4.7521278073527915
1,18266,2.0,True,428,252.7,295.40000000000003,42.700000000000045,0.1043354101122203,20.689756639086383,0.2645047573113444,0.0938326916383064,53.32422523348279,31.292513067604723,54.26578219001537,56.89534690588918,15,3.0658169903424795
1,18718,2.0,False,164,262.0,278.3,16.30000000000001,55.440341120221966,31.19230900240295,1.8313712828983109,-2.480769652062743,14.515111353333168,3.3066400927738,49.52257022823128,50.26250777587691,8,4.546159154369027
1,18787,2.0,False,196,263.2,282.90000000000003,19.700000000000045,21.43539277132311,30.568886714395425,2.4352721985014107,-1.5369032398716462,14.849208511903283,3.335359405578814,28.01861582553802,48.76910008590424,4,3.0829235645864035
1,19095,2.0,True,437,267.8,311.40000000000003,43.60000000000002,0.2699314415240171,20.572371150940125,0.4152197767766685,-1.013206370100902,14.514442490152849,3.2934404959496617,22.393470914408915,66.47069657467807,17,2.429794049379727
1,19334,2.0,True,278,271.8,299.5,27.69999999999999,0.1077638912973468,20.420215228404388,0.5384329520902442,-0.4473002915050992,53.13298610250947,31.2642326962618,54.12270231050571,56.653044368873054,15,3.5955225535196647
1,19556,2.0,False,130,275.3,288.7,13.399999999999975,40.425421755394254,9.70333401974385,2.9800014170449467,-3.00256876907523,14.1438365496569,2.949608242809721,27.1354847532978,27.53124404525726,13,2.5981387109431076
1,19561,2.0,True,258,275.40000000000003,301.1,25.69999999999999,0.1145667872271905,20.589082279460943,0.3694302008589897,-0.3860673993027165,53.04029281343672,31.24197209354175,53.987188635752645,56.4501298730077,15,4.461737462960444
1,19812,2.0,False,174,278.7,296.0,17.30000000000001,55.42796715138603,11.745101583595511,2.335017800454856,2.954127044129757,14.460710481333765,3.187498838779201,41.851507545225054,42.28471522811947,13,3.521746796270775
1,19924,2.0,True,452,280.40000000000003,325.5,45.099999999999966,0.0953826764436297,20.523805413456536,1.0397660539180693,1.1030569570021562,14.57820744667674,3.1708504161815343,22.6025941091444,66.80408152923717,17,2.0544433403168343
1,20165,2.0,False,186,284.1,303.1,19.0,55.56909728243368,11.818028572224838,1.1416030410289402,3.1035531904292317,14.373591052097012,3.116851210456561,42.10439669505616,42.53455493189328,13,2.8318383872356683
1,20286,2.0,True,452,286.7,332.6,45.900000000000034,0.1144263259593232,20.412690517625784,0.9143612648940512,0.3271227283588635,14.536292020709986,3.043005580053013,22.57645155793905,66.4994547447024,17,2.080593025556496
1,20349,2.0,False,161,288.3,305.8,17.5,55.58871726905641,11.801599620358212,1.1128087767832708,-2.9773940301781514,14.539023212029626,3.205934380186786,41.93999097635324,42.44155283793792,13,3.598885991534339
1,20503,1.0,True,226,291.1,314.90000000000003,23.80000000000001,55.55912007332722,11.795234969157974,1.1886557227456485,3.0533646350466657,14.396276661629548,3.211295736616543,42.04834943828244,42.714162883896016,13,2.79870676680872
1,20894,2.0,True,248,297.7,322.8,25.100000000000023,0.1614440632199568,20.161960883890305,2.375595151421773,0.1170320296824839,52.817115465603095,31.245358213392127,53.809491980498734,56.34628690576233,15,3.021151103184093
1,21069,2.0,True,334,300.8,334.1,33.30000000000001,55.60738969950702,11.81379592241187,1.082006764199343,-3.094718023230267,53.23933534818045,31.24899515693512,19.578933849841,69.92328286156881,11,2.9615168715850193
1,21373,2.0,True,203,306.3,328.20000000000005,21.900000000000038,55.51397180865558,11.76946283474125,1.1908544870745532,3.134334716520053,14.52826566254614,3.143886869224862,41.883513093246215,42.46697248508711,13,2.716869872753625
1,21595,1.0,False,143,309.8,324.0,14.199999999999989,0.2523760125845368,20.32358540082245,1.0881331370952791,0.2759624418137852,19.91161096935616,31.300351307999108,22.516103323321893,23.881293912575757,14,2.4878363400221932
1,21677,2.0,True,259,310.70000000000005,336.5,25.799999999999955,55.41938340723858,11.872676784254466,0.9827959483102404,-2.9342014250542414,14.382063319047736,2.925560521279758,42.00133961487202,42.43349679768099,13,2.4825697500997554
1,21824,2.0,True,271,313.0,340.0,27.0,21.23077637674338,31.265392755840164,3.429200327977656,-2.5684340106637733,14.5538496791934,3.0542518873708726,28.99051257265166,50.45878033409828,4,2.312758181698303
1,23275,2.0,True,267,337.8,364.4,26.59999999999997,0.1125551812123764,20.144998931676863,0.8918058420574314,0.2097302932325333,52.91761215844625,31.22024449116853,53.95400917978159,56.40348673380012,15,2.9957061611788305
1,24092,2.0,True,369,348.1,384.9,36.79999999999996,55.53442787425372,31.138695438105383,1.9225535469138684,-2.487814112773801,20.699921965962297,30.869718380731783,34.835544355330285,56.70507301511783,2,3.3980452248271638
1,24334,2.0,True,416,351.3,392.8,41.5,55.41977357742711,31.069185922288003,1.715438573274914,-2.4611749164519767,52.96850149874897,31.25548521998167,2.45834135791354,76.01319866751,6,3.2271347677773417
1,24496,2.0,True,216,353.5,375.0,21.5,0.1045879059627913,20.54681848725444,0.9509412707572392,-0.2796382715943498,53.08633289568212,31.239557915500285,54.04997667562876,56.48737582453987,15,3.54320901604234
1,24616,2.0,True,216,355.1,376.6,21.5,55.41308494562389,11.889795501275795,1.2544824725657435,-2.7708743982888064,14.489694552480987,3.107834098706865,41.85506812019056,42.29690570256243,13,2.62214842740593
1,24903,2.0,True,253,361.7000000000001,387.7000000000001,26.0,53.88250303465702,11.549082867812816,2.7629194695261767,-3.0000315076058555,20.698249808011493,31.27012705303837,38.60199795303026,48.52228445110687,10,3.1788818771932164
1,25172,2.0,True,235,366.8,390.2000000000001,23.40000000000009,55.508063517229424,31.19356312086605,2.25175845968198,-2.604591294203806,20.78587088463349,31.293328244605743,34.722335956773044,57.05375046810757,2,3.9148803156273875
1,25341,2.0,True,209,369.0,390.0,21.0,10.941431119478782,23.23583658991255,2.701475537349625,0.1887466968243949,52.86566378477469,31.227925966755024,42.67920778530574,45.24002934845055,15,3.4791620151670837
1,25515,2.0,True,214,370.4,391.7000000000001,21.300000000000125,55.49379443604925,31.15330591820051,1.6296054073032635,-2.532881922685171,14.40073574949835,3.0231215318205464,49.79906370433134,50.61898274511482,8,3.1695701303203103
1,26047,2.0,True,210,376.1,397.1,21.0,55.40851438055838,11.838345291327071,1.2633584630291526,-2.6396920586221366,14.596433968340476,3.2028931429137657,41.715667816551566,42.25549973898825,13,2.6025282698569083
1,26224,2.0,False,169,378.9,395.7000000000001,16.800000000000125,21.55054871553497,31.253165100824926,2.166902310056921,-2.522354899586382,52.83288948893899,31.27812205824064,31.282350728695228,39.47718899962139,2,3.1245920846911845
1,26305,1.0,False,7388,380.3,1120.3,740.0,55.36108083335398,11.893118915203011,1.4404720102826924,-2.4975176293207704,52.98728540639631,31.269155111229463,19.520903754661884,102.39138650314516,11,2.4907546396334697
1,26631,2.0,False,199,383.6,403.6,20.0,55.24291500483067,11.833266111551511,0.9600545635734464,-2.8140315990124605,14.693363390888598,3.2874520802883547,41.44028322235125,41.90074909270395,13,2.9899497337395395
1,26706,2.0,True,258,384.4,410.2000000000001,25.800000000000125,0.1720238065746773,20.39782921383804,0.9901992981425084,0.8210761912332931,52.79777417197216,31.266145226918024,53.73629959795616,56.09584605619435,15,2.9836194977351873
1,26889,2.0,True,217,386.7000000000001,408.9,22.199999999999875,55.40712091559938,11.826399812966036,1.327035340212534,-2.7699636482851906,14.454467758317437,3.0431529389724274,41.8839495065849,42.342349123705525,13,2.657716725847681
1,26936,2.0,True,244,387.5,411.8,24.30000000000001,0.1096032650432283,20.20949197364184,1.075514885102496,0.2553761410581677,53.11303168429658,31.28379694428617,54.14797923078711,56.63543266692011,15,3.2866559148762327
1,27076,2.0,True,246,390.0,414.5,24.5,0.1278426065845864,20.323083753437214,2.6607659451468946,0.0351104891373735,52.93333044318379,31.25946704610201,53.92609781159123,56.45018380228773,15,3.51171364591176
1,27333,2.0,True,277,394.2000000000001,421.8,27.59999999999991,0.1270644957514801,20.088187365298385,0.4406199477972248,0.1493935108836709,52.98332796591275,31.244919271930044,54.02089646482699,56.37434171099348,15,2.9064841500008787
1,27637,2.0,False,142,398.7000000000001,412.8,14.099999999999907,0.1173838159883072,20.25686629858548,1.0843147628973215,0.7242876093749232,19.76747095399708,31.3080327835856,22.5444939000752,23.94683942007756,14,2.295772014939342
1,27759,2.0,True,241,401.4,425.5,24.100000000000023,0.096996308866153,19.98776382936557,0.7168498703417665,0.6076426781285711,53.08220823940347,31.284643474248764,54.176121797660365,56.78925000160097,15,3.4328870282990627
1,28051,2.0,True,246,405.3,429.8,24.5,0.1036821537394406,20.215480389303146,0.5422034370142959,0.3166081301059152,51.90461887185077,30.80654216315307,52.87256031602101,55.29429081421328,15,3.1624816843409573
1,28073,2.0,False,156,405.5,421.0,15.5,55.39078950627988,31.080378929571182,2.444781961756165,-2.409493904421948,14.60189635097976,3.112737701897589,49.45627119662739,50.16843985671125,8,4.684343402918413
1,28216,2.0,True,261,408.4,434.4,26.0,0.1312421036985656,20.332615053756783,0.8822262933198047,0.9944625533069794,52.59315777739242,31.23328732318478,53.58243417463638,56.14501090067433,15,3.6994624009553516
1,28393,2.0,True,319,411.8,443.6,31.80000000000001,0.090477122401962,20.263262302747293,1.1551398895017049,0.0523250290082339,52.98160006936359,31.30000642542176,54.03036745590391,56.51970431476138,15,2.8495887578509347
1,28633,2.0,True,289,416.6,445.5,28.899999999999977,0.1210692521118735,20.18801519496123,0.8603819708949955,0.5751813669850936,52.725704164292615,31.250625510937148,53.75526914867939,56.049047480982935,15,3.086926030943211
1,28737,2.0,True,324,419.3,451.7000000000001,32.40000000000009,0.1326411425174028,20.198298966358657,0.8161902029857298,-0.0574577967083507,53.03254514826468,31.298093894765525,54.051875927390014,56.64748612502602,15,2.6551473909753893
1,28953,2.0,True,288,422.9,453.4,30.5,0.1025428567889612,20.2170793903436,0.5643294409430576,-0.4239247550642585,51.6534607476404,30.47304071085292,52.56122028641545,54.94477861790634,15,2.613988869567666
1,29055,2.0,True,312,425.4,456.5,31.100000000000023,0.0986517452374464,20.286087258775733,0.5881105614140216,-0.6832382162193542,52.89102484702851,31.28091247182104,53.92514106781854,56.43742291296204,15,2.66124651463827
1,29392,2.0,True,465,431.9,478.3,46.400000000000034,0.1016114648103649,20.102672433547205,0.4784881976517854,1.052141638597028,14.590414199717593,2.8937027770208337,22.496089467511915,67.2283716814184,17,2.2056461981762054
1,29943,2.0,False,167,441.7000000000001,458.3,16.59999999999991,55.50616840488517,31.22347384621101,2.303316993772619,-2.6183641380797957,14.615496568979609,3.046956053211782,49.65846552332162,50.48505564192351,8,4.318815892740665
1,30045,2.0,True,207,443.7000000000001,464.3,20.59999999999991,0.1155678524537369,20.19343925731414,0.8258136119724472,-0.4674235909944954,52.32243540515768,30.841312597542547,53.28164999636478,55.7644475354128,15,3.761189518707487
1,30187,2.0,True,266,447.4,474.1,26.700000000000045,0.2491944533901454,20.21635827222732,1.245182831497353,-0.5018129822569071,53.21943666856591,31.265141932147543,54.11027795805626,56.64446749309401,15,3.086771034684327
1,30364,2.0,True,212,450.2000000000001,471.3,21.09999999999991,21.2797148661035,31.30094701426908,0.979491195105292,-2.780320806800986,53.05350286124804,31.2779025875096,31.773796351805306,40.19736337937808,2,3.1975058123318805
1,30587,2.0,True,281,453.6,481.6,28.0,21.478088537666903,31.26075251752669,1.98363113534154,-2.5847307648220186,14.737842792379912,3.0780393793197414,28.97751253191554,49.934589747642974,4,2.630658012199794
1,30676,2.0,True,285,455.0,483.4,28.399999999999977,0.1287193747367899,20.15898235254044,0.958064416849742,-0.0471148645743299,53.35203879406446,31.27091087707781,54.37091764487896,56.5490814222336,15,2.819486393811144
1,30870,2.0,True,276,457.5,485.0,27.5,0.141438365496569,20.03369591807665,0.779845894765872,0.3219106688136399,52.89308717516784,31.22993255629598,53.92672961526498,56.30833638008407,15,2.7980670277613022
1,30933,2.0,True,265,458.4,484.8,26.400000000000038,21.392474050585875,31.28006594185845,0.8853213021408486,-2.7050762838796865,14.4806091609483,2.9463914289518667,29.16455018778683,50.88429245060681,4,3.1031882291515207
1,30967,2.0,True,291,459.3,488.3,29.0,0.0988568632794114,20.07150758973915,0.7719518335900009,0.2422899450279912,53.140733767681525,31.3007902494612,54.21750173692699,56.70148820501731,15,2.775152314268006
1,31569,2.0,True,330,467.0,499.9,32.89999999999998,0.1518609260039141,20.08520883394852,0.9126267149664116,-0.5022994315049532,14.859520152599895,2.952442550536329,22.57979008865449,66.52165303620652,17,2.6273573562614367
1,31592,2.0,True,230,467.2000000000001,490.1,22.89999999999992,55.55025763618798,31.1833107024302,1.583333560839837,-2.462356155907343,14.595765105160158,2.851429578925856,49.799256485116274,50.55436643235633,8,3.550863055884077
1,31861,2.0,True,207,469.7000000000001,490.3,20.59999999999991,0.1189127257413233,19.68928363514752,0.8233022205573579,-0.1218006792646063,53.05406024723165,31.27599005685337,54.18838998184706,56.77337159356465,15,4.378590152806223
1,32181,2.0,True,300,473.3,503.2000000000001,29.90000000000009,0.1144201947135036,19.95857422213689,0.7741703669294114,-0.1080325383756248,53.26101766294251,31.29746683553397,54.34272083865618,56.96957803497617,15,3.4364414767567966
1,32410,2.0,True,203,476.7000000000001,496.9,20.199999999999875,55.41603909133698,31.05808697388956,1.8620556561229764,-2.448986372679675,14.86241855971462,3.081604211051106,49.26743068196493,50.14951514649185,8,3.939906541909604
1,32558,2.0,True,303,479.1,509.4,30.299999999999955,0.1321974632744568,19.89511582790398,0.6558722462208298,-0.2628976684980056,52.772245893923255,31.2371750904204,53.848091954084,56.30965648994862,15,3.04834607286
1,32592,2.0,True,234,479.3,502.6,23.30000000000001,55.47127604231179,31.174876755765847,2.082040316974075,-2.3908004743105984,14.321141031040206,2.669115242648698,50.059085597807226,50.84671205586408,8,3.714239795563665
1,32836,2.0,True,324,482.7000000000001,515.0,32.2999999999999,0.0951842470334679,19.914617370005203,0.7213312980568543,0.0083302926085997,52.819567963930936,31.290600536948496,53.93768285105711,56.29454374758353,15,2.5065304179458927
1,32938,2.0,True,200,484.5,504.7000000000001,20.200000000000102,55.472948200262586,11.852422771075384,1.6902245704643577,2.853291001005968,14.701835657839323,2.9800551037976564,41.725322359093866,42.201729886748,13,3.468792016450803
1,33097,2.0,True,231,487.2000000000001,511.4,24.199999999999875,21.173254143235813,31.22902332041024,1.696096076839028,-2.096263855591721,55.59936334134318,22.3369158285233,35.55596391841016,39.69804735138818,3,2.8235721238788183
1,33107,2.0,True,301,487.4,517.6,30.200000000000045,0.1218445760150618,19.912579427502664,0.3337487247685965,0.2178954841427301,52.59544305992519,31.254983572596423,53.68546050506836,56.19986067328455,15,2.580909718999381
1,33223,2.0,False,191,488.7000000000001,507.9,19.199999999999875,54.84042658607278,11.657470055986323,2.7079431902631743,-3.0426322282199982,14.51377362697253,2.9320411784378324,41.259811535934894,41.80406432296553,13,3.2846404551140758
1,33362,2.0,True,286,491.4,519.9,28.5,0.1390187529417593,19.823944605123,0.8722932324297752,-0.9520365365506934,52.6410372333837,31.247239391086776,53.73037882136784,56.3175817030554,15,2.5897229823971415
1,33494,2.0,True,311,494.6,525.8000000000001,31.200000000000045,0.1163520945326628,19.87564563876434,1.1501627319648702,0.6061896217801346,52.29027423390393,22.40065639941041,52.234986654028674,53.28810216354343,16,2.27392119516351
1,33718,2.0,True,298,497.7000000000001,527.4,29.699999999999875,0.0809826095573116,19.99632318787624,1.7933326577009407,0.543758142622274,52.4423848688285,31.15217721158372,53.53661854801329,56.03676620405169,15,3.3151590411212997
1,33731,2.0,True,364,497.9,534.5,36.60000000000002,55.57723511779424,31.17051869410657,1.4978330953587164,-2.611439363239924,53.00517749646989,31.27586464500705,2.574214089151053,76.41555116199184,6,3.272729904068751
1,33966,2.0,False,123,501.3,513.5,12.199999999999989,0.1095308048653603,19.91468007592836,0.7258072004696942,0.3812597179755181,19.53760497436025,31.241564505041243,22.488850055213454,23.758188881207875,14,2.8529212139968765
1,34197,2.0,True,261,504.8,530.8000000000001,26.000000000000057,0.1181669432952659,19.964907520375554,1.0607378937922354,0.9580709009969508,52.60458419005624,31.243006741273813,53.68444390545098,56.12769530073709,15,3.494713453939918
1,35039,2.0,True,257,518.5,544.3000000000001,25.800000000000068,0.1739283944806401,20.270724307602745,1.1562025822511297,0.225078227778926,52.83160750117671,31.264107284415488,53.79298874554798,56.22144462114287,15,2.9652529241460788
1,35158,2.0,False,111,520.8000000000001,531.8000000000001,11.0,0.1338083087670622,20.21228238722224,1.3940029717047435,-0.1399185604302398,19.637321326826367,31.30188760311641,22.43582768453163,23.887835970459257,14,2.8508721565196837
1,35563,2.0,True,397,529.7,569.3000000000001,39.60000000000002,55.42222607575494,11.971093730646322,1.642589065951948,-2.9838562473252974,55.60828151708078,22.48878957440484,10.519341352435626,69.13457767291963,12,2.8762788058768356
1,35707,1.0,False,1390,532.2,671.8000000000001,139.60000000000002,8.399472341268858,23.746106039586795,0.0676411459876457,3.1302295063254952,19.650141204449177,31.25799345690787,13.527971113195129,22.68337912861937,14,2.1450226250244686
1,35778,2.0,True,205,533.3000000000001,554.3000000000001,21.0,0.1507160551935987,19.98826547675081,1.3353195345026283,0.0735057222552426,55.486325463868994,22.484400159783984,55.39187988311397,56.15621778761492,16,3.434166641241466
1,35885,2.0,False,197,535.0,554.6,19.600000000000023,55.170064656774095,30.80632269242203,2.296887092608197,-2.4553275790149844,21.079334604999133,31.298658248073924,34.094285001483044,56.2794919322796,2,4.819315527332779
1,36017,2.0,True,295,537.0,566.8000000000001,29.800000000000068,0.1745370599747318,19.87649216872693,1.52727687836342,-0.3766331570443423,14.762590730051777,2.8642403990264325,22.410444443534047,66.89751768216311,17,3.223731644377495
1,36293,2.0,True,229,541.6,564.4,22.799999999999955,0.1547108405380632,19.845233266034136,1.233730337262535,-0.1066682437077693,52.836902668020905,31.26018816421829,53.904680047981714,56.34606870003426,15,3.8799257475083504
1,36500,2.0,True,334,545.3000000000001,578.6,33.299999999999955,0.0976752049941784,19.80623018183169,0.9329748145425728,-0.2520069558175583,14.304809621720716,2.6782985250947555,22.253285401773528,67.62942056860189,17,3.2067071935086497
1,36736,2.0,False,3170,549.1,866.0,316.9,0.1570579929150048,19.906716423687666,1.1376622154412404,-0.1353054827066499,52.87675576584834,31.26460893180073,53.929289402840105,78.36089936418938,15,3.2277409063333296
1,37191,2.0,True,195,555.6,576.0,20.399999999999977,55.45683974533653,31.114679069537,2.3777037338115594,-2.452653437245825,6.574423415165853,0.0795220840971585,57.90225898345446,59.07671350746323,8,3.9606772984278256
1,37273,2.0,True,234,557.0,580.3000000000001,23.300000000000068,0.129782309807516,19.92718990759779,1.2816240455135195,-0.0488957542681328,52.965268660044096,31.301918956077987,54.04602740990659,56.47922959241603,15,3.399714409540763
1,37512,2.0,True,1317,560.7,692.3000000000001,131.60000000000002,0.0778456412416082,19.92301996370798,0.5239874379955979,0.5544392857141448,55.54423786756509,22.47612297792752,55.52512045557015,59.67029420519866,16,2.365406172180561
1,38131,2.0,True,217,571.1,592.7,21.600000000000023,0.1418547328263185,19.88919011816583,1.4774817665251216,0.3067989365793968,52.832666534545545,31.29135300802636,53.91039757682285,56.27750353483006,15,3.212349544034985
1,38456,2.0,False,196,577.8000000000001,597.3000000000001,19.5,55.50193227140981,31.21046236715634,1.8177601846896745,-2.597961005622443,18.943765947432308,4.159785530259866,45.47789179706784,46.06363609027965,8,3.3798499597029963
1,38510,1.0,False,166,579.6,596.3000000000001,16.700000000000045,0.1505588723462234,19.77171057113484,1.6810091336737072,-0.3742811755603297,53.222167859885545,31.27241581923353,54.30342440150445,56.64651390542933,15,4.562457889549791
1,38595,2.0,True,207,581.0,602.2,21.200000000000045,52.80011519310328,29.244224087744936,2.99846630210039,-2.420506352558208,14.969269452770828,2.9823470052889736,46.05278577157798,46.8171361506777,8,2.9882140066084495
1,38946,2.0,True,215,586.7,608.1,21.399999999999977,0.1407070750860851,19.722956715881782,0.969416647835172,0.1791996478860869,52.58245596650729,31.09445640931949,53.66048855600116,56.09029670928409,15,3.4531144545418258
1,39047,2.0,True,224,590.0,612.4,22.399999999999977,0.1181819927168231,19.689722576609608,0.8388475227542782,0.4226880086851787,52.81733841999653,31.28003458889687,53.958654733870695,56.36781466666148,15,3.1331967451792866
1,39651,2.0,False,151,602.4,618.1,15.700000000000044,55.208524289642526,11.789748200881908,2.0383094977452543,-2.7510471279106388,14.927576981197513,2.9450463869001906,41.24055608553278,41.66266944777581,13,3.4497216024137067
1,39833,2.0,False,144,606.3000000000001,621.0,14.699999999999932,21.478701662248863,31.1975449469864,1.6801535927949482,-1.579123742401726,52.64064706319518,31.27263528996458,31.162035872695608,39.00415609002785,2,3.3732456043969172
1,39883,2.0,False,172,607.0,624.1,17.100000000000023,55.41960636163202,12.100550108999926,1.905636416547282,-2.286773985158639,14.92523596006639,2.918926234609953,41.52223803204691,41.98016973364865,13,2.902030699804603
1,40068,2.0,False,163,610.3000000000001,627.5,17.199999999999932,55.4338754428122,12.109705173780563,1.0474806283546174,-2.8009047132660405,14.979581093467438,3.022623019731464,41.46233222308974,41.863676364781696,13,2.838749655001417
1,40122,2.0,True,223,611.5,634.0,22.5,0.1491787846508286,19.722392362573395,2.396926559052004,0.0941095961398673,52.634738771769015,31.23178238102906,53.73267223727393,56.17908792103729,15,3.642946675792508
1,40183,2.0,False,170,613.2,631.6,18.399999999999977,55.54022468848317,12.114345412094035,1.146428511562304,-2.69036179076802,14.883264795501274,3.0142674554710527,41.66293084453078,42.2209607399579,13,2.8776614576954245
1,40426,2.0,True,293,617.6,646.8000000000001,29.200000000000045,55.446026457254696,31.252538041593382,1.811764136809386,-2.639786888050033,14.69576015061808,2.922801460660936,49.63021437397612,50.422417127591785,8,2.8993715242064435
1,40483,1.0,False,138,618.3000000000001,633.5,15.199999999999932,55.50862090321302,12.029347533257363,0.8663692524819748,3.126322347409268,17.77325538187133,3.939781798870365,38.59273098395903,39.00929460367475,13,3.2389138427264412
1,40614,2.0,True,220,621.0,642.9000000000001,21.90000000000009,0.1451187851462828,19.773623101791067,1.3035431975239544,-0.3155401253972605,52.774531176456016,31.2766484690465,53.87183532472482,56.349441028232256,15,3.173512627224589
1,40817,1.0,True,217,623.4000000000001,645.0,21.59999999999991,0.112272586518691,19.8069199469864,0.8901060812171852,0.0323204566011848,52.61071543587583,31.231468851413283,53.72715160211696,56.144081024302,15,3.433580137900901
1,41005,2.0,True,242,625.5,649.6,24.100000000000023,55.40098966977977,31.26937458196052,1.8617808114392376,-2.63383137951481,14.07438625610028,2.5723443267396635,50.31309665664207,51.0662171107696,8,3.633070320228862
1,41058,2.0,True,261,626.1,652.2,26.100000000000023,55.40388807689449,12.09227292714346,1.005945597922646,-3.0465971221966552,14.212172071246316,2.6441708264176182,42.26137835891906,42.80703367962862,13,2.704135324734187
1,41392,2.0,True,316,630.1,661.6,31.5,55.38961899571432,31.265831697302254,1.7231133891887196,-2.5977135163055536,20.19905492109892,31.286744122674463,35.1905702883478,57.07301577202733,2,3.3148729808810287
1,41458,2.0,True,373,631.0,668.2,37.200000000000045,0.1405610399583818,19.931014968910247,0.9635307262261236,-0.4360674409774453,14.819555577575745,2.922440901602794,22.46696402361663,66.9271916203681,17,2.586127943000324
1,41615,2.0,True,258,632.6,658.5,25.899999999999977,21.955433894022345,27.4075048926103,0.7436477923040802,-1.3382703532840712,14.74687244531424,2.84963618952362,25.59398900909831,46.85631764760696,4,2.634570829088051
1,41767,2.0,False,187,634.6,654.1,19.5,40.24365818614214,9.771432652290237,2.129687402243773,-3.0518619408203524,15.213571729382911,3.04277356813734,25.918720668728906,26.34103042747062,13,2.214532597623043
1,41787,1.0,True,192,634.8000000000001,656.5,21.69999999999993,0.2280366388386553,20.03438568323136,2.2045687808814485,-0.791303307129064,49.97277479128992,29.27783446255605,50.59624807425882,52.99732734654954,15,3.1514287283350484
1,41901,2.0,True,493,636.1,685.3000000000001,49.200000000000045,55.32841801471499,31.2279573197166,2.182059172624004,-2.538359761407577,14.69509128743776,2.844663609817425,49.56489284511835,87.04307433480824,8,3.000713154298198
1,42028,2.0,True,241,637.6,661.6,24.0,0.097950553670077,19.86344933671068,0.7042828819325807,-0.0037220261313708,52.69393316322739,31.25429380744172,53.81532053626773,56.288940798847946,15,3.20901319991668
1,42146,2.0,True,238,638.9000000000001,662.6,23.69999999999993,55.39134689226348,31.19309282644239,1.840956550537703,-2.498340553942439,14.045234969157974,2.482850433212773,50.33665651824688,51.13406775035672,8,2.972110641293846
1,42251,2.0,True,240,640.3000000000001,664.2,23.899999999999977,0.1066641687517031,19.97305929038571,0.9495357535324176,-0.0541920986470604,52.49594966185251,31.167320692025665,53.57190236314059,56.046890160614026,15,3.435954126426389
1,42389,2.0,True,292,642.7,673.6,30.899999999999977,55.37691059528823,11.90265021552258,1.9257006157146828,2.428290830404518,20.782638045928604,31.29285795018208,39.65783465108283,50.20148342937154,10,2.684581820777142
1,42502,2.0,True,354,644.0,679.3000000000001,35.30000000000007,0.1274552233259841,19.954874572670743,1.1763066969712108,-0.015815385567136,14.79503059429732,2.8996159455743555,22.49487973073585,66.98844508664762,17,2.409230518870503
1,42755,2.0,True,296,647.5,677.0,29.5,0.0825544380310649,19.82222019223624,0.7968827509891484,-0.0465032706121827,52.865719523373045,31.269155111229463,54.01013641406704,56.32789669612357,15,4.041688394647123
1,42761,2.0,True,239,647.5,672.9000000000001,25.40000000000009,55.54479525354869,12.033925065647685,2.777841316361841,2.220723319549589,14.91152426486982,2.918042081093468,41.64327117107273,42.35790461022116,13,2.9070977950382146
1,43144,2.0,True,273,652.7,680.1,27.399999999999977,0.1036877275992766,19.711293414174943,1.0676657878957874,-0.0645027933476436,52.7267074590631,31.264514872916,53.87633183256582,56.37814712509549,15,3.510340376538529
1,43429,2.0,False,181,657.7,675.7,18.0,38.26404612678673,9.387985932197092,0.7922236900132604,-2.9976748461790907,14.794417469715365,2.8704765030842028,24.357779013272147,24.6677158524696,13,2.3568333955088314
1,43545,1.0,True,224,659.2,682.0,22.799999999999955,21.49263631183888,30.25422839200337,2.269349387695502,-1.8457499412746,14.992233755295167,2.9582522543166445,28.05932192171228,49.02220024062992,4,2.678722863582029
1,44001,2.0,True,210,667.1,688.0,20.899999999999977,55.460128322639775,31.188201764436297,1.825185021440656,-2.4578737068016268,14.81476205811678,2.8737215346074767,49.53539733829326,50.3048714285484,8,3.6439074755751757
1,44054,2.0,True,227,667.9000000000001,690.5,22.59999999999991,0.117158074664949,19.86075298201501,0.96199103450902,0.2313373978952133,52.94414373126563,31.26153634156613,54.04320748044209,56.454023073951504,15,3.7520874351825246
1,44195,2.0,True,237,670.7,694.3000000000001,23.600000000000023,0.0757805261723685,19.842348793569005,0.8544086731154106,-0.3645498147982993,52.93723214506898,31.27382670250452,54.08337780168162,56.5131306466855,15,3.0010726874038127
1,44362,1.0,True,223,673.3000000000001,695.5,22.19999999999993,55.45031832932841,31.226734554215074,1.942155932429934,-2.485008131822792,14.797538831223523,2.8597036254861643,49.571533410143765,50.405945022218894,8,2.9696415319520506
1,44831,2.0,True,217,681.1,702.7,21.600000000000023,0.1225028488616939,19.822721839621472,1.3047836365023533,-0.0636624612623387,52.83534198726682,31.22413225840414,53.93176772152849,56.64830243883466,15,3.5377983219507
1,44978,2.0,True,209,684.1,704.9000000000001,20.800000000000068,0.141011407833131,19.91725101877772,1.296466949096499,0.1207892292791577,53.0943035152476,31.278027999355903,54.15827174694184,56.52340394326818,15,3.5934222744674877
1,45184,2.0,False,199,687.3000000000001,707.1,19.799999999999955,0.1934853964872296,19.79964605990041,1.3205339572008377,-0.5968214486539615,52.98884608715039,31.230653674412267,54.01868237508436,56.64543583345275,15,3.8205174350465483
1,45407,2.0,False,110,691.0,702.4000000000001,11.400000000000093,0.175470124111279,19.82541819431714,2.328238323064173,-0.5164123285411532,19.836085168578293,31.30630837069884,22.767314799265648,24.242369756948595,14,3.6036842632905857
1,45560,2.0,True,210,694.1,715.0,20.899999999999977,0.1186501969430475,19.71245347375332,1.148680194023926,-0.1350947292909921,53.21620382986102,31.315494788441057,54.35053605578285,56.72605331524381,15,3.524059026261079
1,45795,2.0,False,149,698.4000000000001,713.3000000000001,14.899999999999975,55.48989273416405,31.220808844476924,1.956595140526311,-2.5211924038707862,14.73550177124879,2.798922774171972,49.68625554971459,50.41002013845386,8,4.537866674676014
1,45816,2.0,True,237,698.9000000000001,722.5,23.59999999999991,55.30846359650209,11.969745553298486,1.7092341672657494,-2.1966174839004733,14.669563009388858,2.918286634193772,41.63471087318264,42.133071657493375,13,2.494903542453707
1,45974,2.0,True,372,701.2,738.3000000000001,37.10000000000002,55.38688780439468,12.024801353828622,1.4367034849246627,-2.366694973024016,14.811807912403696,2.912138318428419,41.58578766643961,42.39757189865291,13,2.054813498228635
1,45997,2.0,True,208,701.6,722.3000000000001,20.700000000000045,0.1542738499269205,19.82488519397032,1.475274745076378,0.0329337030965757,51.8653788986053,30.818424935590954,52.86677880678983,55.20151376122168,15,3.643244346155373
1,46487,2.0,False,175,710.3000000000001,727.7,17.399999999999977,55.47389575643472,31.181648995466595,1.8274739681211751,-2.496098148764336,14.939337825451483,3.0876051678970446,49.31861398342045,50.09105912377508,8,3.7358646044806028
1,46597,2.0,True,241,713.1,737.2,24.100000000000023,0.1284328783412193,19.7522403819952,1.2243800194389474,0.7054662114432674,52.74008472266951,31.25178557051552,53.85374127515778,56.43383899439644,15,3.23548924297642
1,46607,2.0,False,103,713.3000000000001,723.5,10.199999999999932,55.434154135804,31.17663252161419,1.733013944742565,-2.387072987939072,51.6520672826814,22.651636856838508,9.326292513587967,12.762236198408573,7,3.241879241900861
1,46688,2.0,True,238,715.6,739.3000000000001,23.700000000000045,0.1498933534818044,19.8465500904204,0.6581246997059426,-0.0056006901969919,52.13091758119256,30.863886729878367,53.13575619476018,55.62124108693202,15,3.290268988370515
1,46838,2.0,True,254,718.3000000000001,743.6,25.299999999999955,0.163297929001412,19.847271208536675,1.099773203757054,-0.4083379644205402,52.74632744568584,31.25852645725469,53.80698597304908,56.3939618700302,15,2.8656450781224665
1,47296,2.0,True,212,725.4000000000001,746.6,21.19999999999993,0.1327280947308445,20.075802945475264,1.7385611782219652,-0.7736394690911844,52.81594495503753,31.258338339485224,53.85694418167808,56.33333462726007,15,3.479064277561219
1,47471,2.0,True,215,728.5,749.9000000000001,21.40000000000009,0.1255272252087101,19.78346793172641,1.2489122562007315,0.1537751501679934,52.92329749547898,31.244511683429533,54.02740109787522,56.34537302134251,15,3.3612259282816783
1,47577,2.0,True,223,730.9000000000001,753.1,22.19999999999993,0.1090798796046275,19.88298223177348,1.0457225758315722,-0.2703749643204687,52.578275571630286,31.24197209354175,53.68466398560987,56.131006988047176,15,3.3057665285478604
1,47893,2.0,False,103,736.3000000000001,746.5,10.199999999999932,0.1982555057348824,20.00469442861744,1.2720499686958702,-0.4251709120776434,19.597133797408773,31.30878525466346,22.45214796803803,23.77963490737208,14,3.076307692771582
1,48009,2.0,True,223,738.1,760.3000000000001,22.200000000000045,55.37351054078827,31.26765016907375,1.4081885011583637,-2.464677801747301,21.22425496073525,31.26761881611217,34.14925558006741,57.258842754869846,2,3.462191932290673
1,48206,2.0,False,195,740.7,760.1,19.399999999999977,0.2927084623578666,19.96575405033815,1.9949211772536743,-0.0444865809575976,52.43586345282037,31.22924279114128,53.34580387409673,55.66816630121248,15,3.512543927872574
1,48362,2.0,False,194,742.9000000000001,762.3000000000001,19.399999999999977,0.1849919488691258,20.12800562650185,1.1670175476971485,-0.2720620130673319,52.26151311715015,31.20858118946169,53.242306597262335,55.46928025604685,15,3.439635811385395
1,48552,2.0,False,188,746.6,765.3000000000001,18.700000000000045,0.1805668615453216,19.83955837998861,1.334124542052966,-0.275799865399811,53.02541060767459,31.287496593752326,54.07062788519261,56.31015180677119,15,3.6394219193316437
1,48757,2.0,False,161,749.6,765.6,16.0,55.224298312978426,31.12894466705477,2.538481925991473,-2.452955611732317,14.814483365124977,2.9159727856293505,49.284124487525006,50.00499341794449,8,4.676765528405141
1,48820,2.0,True,212,750.5,771.6,21.100000000000023,0.1611441895607798,19.81018065499046,1.9006863771574825,-0.4929468869080572,52.65608665494092,31.214193369584063,53.71936792664433,56.20181362559917,15,3.6972797778605497
1,49274,2.0,True,214,758.7,780.0,21.299999999999955,55.24336091361755,31.199582889488937,1.4273700700875875,-2.449995372974576,20.47406916540739,31.27056599450046,34.76936420576816,56.78220851826586,2,3.585237503137678
1,49385,2.0,False,168,760.9000000000001,777.6,16.699999999999932,55.27435157430575,31.22770649602398,1.6598723581781043,-2.5586390396096395,14.91158000346818,3.124607933150841,49.18269490089147,49.99859098746685,8,3.586082671206723
1,49557,2.0,True,206,762.6,783.6,21.0,55.41871454405827,12.203450528897369,1.2445509868410658,-2.3840974882136674,14.563213763717886,2.7896172151757623,41.92603250572284,42.395769689518495,13,2.979459324475616
1,49868,2.0,True,216,765.9000000000001,788.7,22.799999999999955,55.57762528798276,12.121995534718952,1.1684622976759893,2.9155490358736875,14.890733767681525,2.9325146081576534,41.71174536367898,42.27668031153028,13,2.6316875331599308
1,50077,2.0,False,165,768.5,785.0,16.5,55.24726261550276,31.064482978051377,2.049798023743421,-2.36179461085491,15.162459434686747,2.9887430094507885,48.9391317948044,49.63089434226113,8,4.682325855070708
1,50333,1.0,True,214,771.5,793.5,22.0,54.75659573413927,11.780436371293384,1.2262424029591386,-2.960152049469201,14.8897862115094,2.7817099982659106,40.86978808178814,41.46781688931122,13,2.683304692526146
1,50455,2.0,True,221,773.5,795.8000000000001,22.300000000000068,55.48810909901652,12.156452439492654,1.2997878908720597,-2.110704498537355,13.943233334159087,2.2005671789456733,42.72114644574294,43.37801645251574,13,2.582051991048948
1,50606,2.0,True,381,775.6,813.6,38.0,0.1158777590606188,19.868434457601506,1.1084001809598565,0.6411202493933226,15.03269997770456,3.027523487626031,22.49728577853937,66.9238651368341,17,2.7709630782225005
1,50864,2.0,True,223,780.5,802.7,22.200000000000045,0.1635270146406718,19.909506837268065,1.2751800555024295,0.1055675629160197,52.93650754329031,31.267963698689524,53.981496979520735,56.23939915948843,15,3.6051082631554006
1,50942,2.0,True,275,781.0,808.6,27.600000000000023,21.47886887804395,31.22124778593901,1.10809269170272,-2.092813483826906,20.673501870339635,31.2837655913246,0.807789881769284,57.55179569998074,1,2.600763640356203
1,51441,1.0,True,235,789.6,813.0,23.399999999999977,0.5249048727921322,19.95694386813486,2.9961332791372755,0.5404211140891759,52.99458716278148,31.28436129759457,53.67846817145259,56.122404554978274,15,4.179009417395129
1,51447,2.0,False,184,789.7,808.0,18.299999999999955,55.49752892213937,12.148582846136694,1.4385912112424517,-2.845371403166884,14.902940520722373,2.7790011023856125,41.66184908922421,42.18764143454153,13,2.9255963786786245
1,51606,2.0,True,231,794.3000000000001,817.3000000000001,23.0,55.499646988877046,31.22783190787029,1.9762761357369032,-2.5817157306241025,14.788620655485914,2.782236728020413,49.66426834509862,50.47435004965379,8,3.059986481471795
1,52029,2.0,True,253,802.5,827.7,25.200000000000045,55.47462035821339,31.25175421755394,1.765399808503743,-2.553466193241149,20.328145514900783,31.28533323940347,35.1464908840458,57.60179785267949,2,3.002907518651435
1,52327,2.0,True,305,805.9000000000001,836.3000000000001,30.399999999999977,55.22886887804395,31.059278386429508,1.410891300699998,-2.4109579129535854,20.234337453860828,31.285176474595584,34.99526052973998,56.7779158048136,2,2.9408175131927083
1,52533,2.0,False,76,809.0,818.4000000000001,9.400000000000093,0.3955272252087101,20.102672433547205,1.4273540124879631,0.2859793335153495,19.49401739044269,31.2776204108554,22.12762501686712,23.435130052039465,14,3.3627499101143625
1,52601,2.0,False,195,810.3000000000001,829.7,19.399999999999977,21.476193425322663,31.217987077934943,1.1073246404624206,-1.5006140344397725,14.895471548542124,2.7893883385562463,29.18032088076041,50.10476665146079,4,3.1963880277260506
1,52860,2.0,True,250,815.9000000000001,840.9000000000001,25.0,0.1414695791116506,19.877087874996903,0.7506237400314679,0.3812771347938702,52.64259791413778,31.23328732318478,53.7152840666221,56.116781009791296,15,3.1727654600466737
1,53166,2.0,True,218,820.3000000000001,842.0,21.69999999999993,55.51837515792603,31.20829901280749,1.6179009899051,-2.5497027266769545,14.910298015705898,2.776179335843634,49.572183313968495,50.29261059391547,8,2.9821432371392445
1,53273,2.0,True,268,822.7,849.4000000000001,26.700000000000045,55.44374117472193,31.218018430896525,1.336054062494175,-2.437225063561974,15.039555825302848,2.805099307602745,49.39425236661695,50.20347764518537,8,3.023037746140306
1,53291,1.0,True,222,823.3000000000001,845.6,22.299999999999955,55.46570218247579,12.04815931020388,1.1543814322988877,-2.751528121787996,15.35815765352887,2.9203308472886267,41.13310565213701,41.7813029036913,13,2.880720931976646
1,53316,2.0,False,122,823.9000000000001,837.3000000000001,13.399999999999975,21.515712091559937,31.24504468377636,0.9808806137322624,-1.7369302396333748,51.90590085961305,30.837268065499043,30.392924425403933,38.50423290334025,2,4.042440355392498
1,53351,2.0,True,307,824.5,855.1,30.600000000000023,55.4627480367627,31.22134184482374,1.3641626859458096,-2.47197869246956,15.052821611712538,2.724945461329799,49.44700962164622,50.2480177648915,8,3.064770426604523
1,53430,2.0,True,251,825.6,851.8000000000001,26.200000000000045,55.5559429732207,12.053019019248396,1.0552185036933408,2.5790704161634,15.014083285852305,2.844284238982337,41.57454970488013,42.11304331684387,13,3.008122559286445
1,53542,2.0,True,285,827.6,857.2,29.600000000000023,55.51112914013922,12.117825590829144,1.0199224779747718,-3.000810425725548,15.252978918423464,2.6677325770431293,41.35242335393948,41.97285498956627,13,2.972318886784383
1,53560,2.0,True,336,827.8000000000001,861.3000000000001,33.5,0.2036627071617905,19.85122168169545,1.1613428422229632,-0.2285878109828665,19.73168677384993,31.27611546869968,22.624586670113533,24.5916709746683,14,2.5836202523911296
1,53685,2.0,False,152,829.1,844.2,15.100000000000025,21.320013872717816,31.192998767557658,1.2494723835252588,-1.4521339350596172,52.80162013525899,31.25006115762876,31.481657977082985,39.66635318271986,2,3.5416434039467757
1,54006,2.0,True,282,833.5,861.9000000000001,28.40000000000009,55.629685138851045,12.12064735737112,0.8378962255342939,2.0939650015639213,14.926852379418833,2.6313192474669904,41.79435299917591,42.481432393746246,13,2.337322856057907
1,54247,2.0,True,249,838.9000000000001,864.6,25.69999999999993,55.44452151509897,12.169087683008398,1.340463788632516,-2.263103122881149,15.028631060024278,2.762785350657716,41.49605673849244,42.714972312722665,13,2.3972244439765125
1,54381,2.0,True,271,840.9000000000001,868.0,27.09999999999991,55.54083781306513,12.07286544392697,1.1810363009847595,-2.913395711654684,14.920330963410706,2.799405609780266,41.66560492802612,42.21430749470612,13,2.357584105579224
1,54555,2.0,True,294,843.6,872.9000000000001,29.300000000000068,0.1048905665518864,19.720417125994004,0.7947255682866621,0.6131460531793536,52.626545197810096,31.226640495330347,53.76725194233222,56.339589334265405,15,4.366999368061512
1,54664,2.0,True,326,845.1,877.6,32.5,55.42880323036143,31.187919587782098,1.331201935251633,-2.4564128280859334,52.786905145291946,31.278341528971684,2.643445028621232,76.46813627983494,6,3.532859222273882
1,54775,2.0,True,322,847.1,879.2,32.10000000000002,0.0791058909505288,19.72643689461689,0.1626464684134162,-0.8157075110186485,52.88606411177447,31.223975493596253,54.04413224736674,56.41298062344772,15,4.446025373810401
1,55061,2.0,True,435,855.3000000000001,898.7,43.39999999999998,0.1108819084896078,19.55230254601531,0.7135086075259295,0.5595211606171894,14.90121262417321,2.666688523422598,22.44722351649026,67.38903266622177,17,2.298835261957019
1,55123,2.0,True,235,856.3000000000001,880.0,23.69999999999993,55.01438675155449,11.912871280996857,0.9938254286519048,-2.7779759533210098,14.763203854633735,2.775263829365571,41.2753388180094,41.8058482861072,13,2.683453614422417
1,55299,2.0,True,245,859.6,884.0,24.399999999999977,0.0897943245720514,19.503203808184903,0.2576432433040314,-0.8914889128774328,52.523596006639096,31.20776601246067,53.72429929955436,56.10921829897791,15,4.420798543997862
1,55354,2.0,True,211,860.3000000000001,881.3000000000001,21.0,21.310761265390045,31.170393282260257,1.5113670477599286,-1.5053618692178614,15.426047266331407,2.9323641139420813,28.844690155408237,50.04656485571804,4,3.5725482453692514
1,55514,2.0,True,228,863.8000000000001,886.5,22.69999999999993,0.0999108801743998,19.71806565387569,0.2784781259778419,1.0860708142599909,52.76605890950528,31.27968970631952,53.9202587065144,56.30145949600357,15,4.23356199995184
1,55827,2.0,True,310,869.3000000000001,900.2,30.899999999999977,55.33148363762479,31.237269149305128,1.393341665029863,-2.2853059962690674,20.37446429013799,31.27338776104244,34.95703800688326,56.69447606200774,2,3.933170160978003
1,55841,2.0,True,261,869.5,895.7,26.200000000000045,55.57695642480244,12.12014570998588,1.1903239548862032,2.4720451918975224,14.870389179280108,2.694326159053188,41.78361749682495,42.39727152023521,13,2.2088155667167895
1,55860,2.0,True,270,869.8000000000001,896.7,26.899999999999977,0.1225346198627592,19.81259483303193,0.8540503014129308,-0.6129535707557958,55.67059727004732,22.59833682215671,55.61787143193095,56.62143303095942,16,3.088376647486652
1,55993,2.0,True,237,872.4000000000001,896.0,23.59999999999991,0.0967833874204176,19.691039400995862,0.98268878372957,0.643756480912788,52.83010255902098,31.25112715832239,53.98554046974973,56.69904390517567,15,3.7732092603260794
1,56191,2.0,True,305,875.8000000000001,906.5,30.69999999999993,0.1176580498922387,19.795977763395847,0.7145169071814627,-0.5181621564654737,52.29651695692026,22.50151887680531,52.248954722136645,53.1798305268433,16,2.651535677771715
1,56617,2.0,True,252,882.3000000000001,907.4,25.09999999999991,0.1419494884435306,19.659028027225208,1.1357647348000668,-0.148004721911456,53.040125597641634,31.255830102559017,54.15443522052652,56.4004847035157,15,2.987141840129832
1,56911,2.0,True,319,887.4000000000001,919.2,31.799999999999955,0.1156748705625882,19.46379313548196,0.8282457569771886,0.5546288617911325,53.04391582233012,31.310666432358115,54.2378751165696,56.77229134499328,15,2.2925833147488377
1,57125,2.0,True,372,891.3000000000001,928.4,37.09999999999991,0.1274641415017217,19.815824188074423,1.0115657585770523,-0.1157973253127245,14.89758961527981,2.6547399097654023,22.64198357296404,67.33898317814361,17,2.5906323569382455
1,57205,2.0,False,172,892.8000000000001,909.9,17.09999999999991,21.36956548665989,31.275801939083905,5.150920220363743,-2.822125857481212,52.73211410310402,31.30878525466346,31.36256596035994,39.81456898431783,2,3.11792129369433
1,57259,2.0,True,286,894.5,923.2,28.700000000000045,0.099803304679565,19.6526320230634,0.918979336027831,0.3291556607520596,52.14217677806129,30.99255928419253,53.26352022755016,55.66104940961111,15,2.689109176931333
1,57327,2.0,False,181,896.1,915.5,19.399999999999977,55.33884113260832,12.008152931230956,1.6313478879344747,-2.4300910552055144,14.891346892263485,2.6726048272722767,41.51086904322837,41.968780039713,13,3.0080703244454896
1,57415,2.0,True,287,898.1,926.7,28.600000000000023,0.1346761587435281,19.71210859117596,0.9987527040400648,-0.4427069796491794,53.09068050635421,31.29135300802636,54.20717016898523,56.51372996115523,15,2.817781867012027
1,57561,2.0,False,192,902.4,921.5,19.100000000000023,22.40658210914856,26.38878446503332,0.9309597304968515,-1.2742150846543412,52.57593455049916,31.24347703569747,30.55745190106808,34.488698458677035,2,2.6110780992801232
1,57744,2.0,False,179,907.2,925.9,18.69999999999993,55.52272276859812,12.101051756385168,1.3020555927406126,-3.050706338619719,14.884100874476676,2.71502538428667,41.70845334594769,42.42005808570313,13,2.929259800800158
1,57838,2.0,False,2058,909.4,1115.1,205.69999999999996,0.1199199222136894,19.587605980751604,1.128111705064642,-0.0173217758352249,53.04425025392028,31.315463435479472,54.20818555843771,62.09449124205703,15,2.50791642905334
1,57901,2.0,True,296,911.2,941.2,30.0,0.1471822280575717,19.60133857792256,1.1646088459169055,0.4184113962600537,53.1209465652637,22.543939433819705,53.05542957936519,53.93521627654185,16,3.398831104536046
1,58087,2.0,True,210,913.0,933.9,20.899999999999977,55.43092129709912,12.124535124606732,1.1781370872485737,-2.3261127476824206,18.75375306562291,3.997847483711943,37.56671028307749,38.28329570244173,13,2.4035950829374704
1,58153,2.0,True,646,914.1,978.7,64.60000000000002,0.1357006341813857,19.713456768523795,0.900094425660757,-0.5899037419415163,55.61452424009711,22.63097525515892,55.555483823077,58.037474259775415,16,2.8037676794630153
1,58429,2.0,True,274,918.3,945.6,27.300000000000068,0.0935917952783214,19.93057602744817,0.9357866309596948,-0.7965123861158704,52.83589937325042,31.26805775757425,53.94709909374512,56.35467742840475,15,3.2039521212547992
1,58586,2.0,True,262,921.3,947.4,26.100000000000023,0.1037769093566527,19.806637770332205,1.1094367909576126,0.3205815185550462,52.68891668937498,31.25482680778854,53.8168928675876,56.25991247569779,15,3.0970473332470805
1,58689,2.0,True,203,923.2,943.7,20.5,55.54267718681101,12.04740683912602,1.094121345860439,2.9368504702653286,14.930029479525356,2.5476726812743085,41.70889716674309,42.26498284575215,13,3.7317181648147293
1,58877,2.0,False,199,927.0,947.0,20.0,55.6291834914658,12.11340482324671,1.117789807672728,2.407199089055708,14.874067926771868,2.458241493670572,41.883190227254055,42.416248587871394,13,3.0653287260705393
1,58899,1.0,True,230,927.5,952.1,24.600000000000023,55.31933262318231,31.12486878204969,1.916542615995808,-2.537099379005995,15.325160403299725,2.989899933733,48.89898039478306,49.76302716843303,8,3.6703405300079504
1,59036,2.0,False,126,929.8,944.4,14.600000000000025,51.525652141600816,28.577252536106226,2.9278007018611296,-2.3618340749456124,25.00188272598905,5.544112842792379,35.12884666686699,35.452614914622224,8,3.367223323100887
1,59419,2.0,True,304,936.9,967.3,30.399999999999977,0.1549716971783883,19.647458784403103,0.9164015969575036,-0.7976824901442287,52.59750538806451,31.267148521688508,53.71439778598008,56.10546167901449,15,2.6272378255901043
1,59666,2.0,True,294,941.5,970.8,29.299999999999955,0.0741033517477147,19.59754486957168,0.4608571975221583,0.5063703116519719,52.87363440434018,31.27611546869968,54.075682987942855,56.51849694772824,15,2.896229983757136
1,59861,2.0,False,181,944.5,962.5,18.0,21.180555899620977,31.279971882973715,0.8132434671712346,-2.920023621947028,52.89994302276612,31.30665325327619,31.71939834491611,39.9528636447353,2,3.0140131957939915
1,59877,2.0,True,280,944.8,972.7,27.90000000000009,0.1280856268734362,19.67878039301905,0.8699864111003448,0.362816079623022,52.538478212401216,31.217328665741817,53.66551357446511,55.96870236721435,15,2.946712056095781
1,60075,2.0,True,268,948.5,975.2,26.700000000000045,0.2871028315207967,19.77076998228751,0.941184968968606,-0.36869012712404,51.805905814155125,30.816982699358388,52.689713191042046,55.12975511538092,15,3.169700094551933
1,60104,2.0,True,219,949.0,970.8,21.799999999999955,55.4527150890579,31.226076142021945,2.115560540810547,-2.499762619692825,20.57189040552927,31.21936660824436,34.88082532883796,57.026807924311946,2,3.45802180901066
1,60178,2.0,True,337,951.1,984.7,33.60000000000002,0.1470272747541308,19.81184236195407,1.0854026367037932,-0.3722682540975398,55.59707805881042,22.62172613149355,55.52119936342102,56.52705297434533,16,2.6297177847954165
1,60351,2.0,False,110,953.8,964.8,11.0,0.2868035152476032,19.74129819840464,1.1688156756573225,0.8947958781852285,19.7664676592266,31.30069619057646,22.65120299462364,23.917762161306868,14,2.7439641056394586
1,60443,2.0,False,166,955.0,971.5,16.5,55.39246166423069,12.066218616072534,1.6585722555580114,-2.2291248741059184,14.938947655262965,2.640110617893329,41.53719186063359,41.97348982782361,13,3.8480783503081164
1,60493,2.0,False,171,955.8,972.8,17.0,55.35021180667377,31.234478735724725,1.5407460462325624,-2.437844210170383,19.99845170560111,4.538497953154804,44.2992362483501,44.82297015295994,8,3.153028019299631
1,60755,2.0,True,216,959.5,981.0,21.5,55.369162930116175,31.25018656947507,1.809904134863231,-2.437058737559991,20.57411994946367,31.23554473641836,34.79504606131066,56.85711946833197,2,3.8074926207197253
1,60790,2.0,False,143,960.1,975.5,15.399999999999975,55.36977605469814,12.093401633760251,3.509760925158314,-2.2026511830299094,20.06149206034632,4.566621559689845,36.10162512836818,36.46297541167179,13,3.4306834459862836
1,60930,2.0,True,205,962.7,983.1,20.399999999999977,55.37702207248495,31.20945907238586,2.098376308461486,-2.4782830450376387,20.96144746946764,31.2832012380162,34.41565360650356,56.54721423797953,2,3.7606067404161823
1,61057,2.0,False,177,964.8,982.4,17.600000000000023,55.40868159635346,12.155574556568483,1.51760473307603,-2.4681120635977343,14.752334827953526,2.527462562241435,41.78084576845816,42.267648209280125,13,3.188782592474715
1,61317,2.0,True,258,969.3,995.0,25.700000000000045,0.1120513042832016,19.728631601927315,1.1516524258392988,-0.202723700495967,52.81488592166869,31.2832012380162,53.954581419771145,56.436104550487215,15,3.7380539800945543
1,61433,2.0,True,260,971.4,997.3,25.899999999999977,0.1259380186786236,19.596228045185423,2.3460417687145734,0.7810747521571779,52.49266108454926,31.270691406346767,53.652276554016666,56.31571294212442,15,3.2878289139155683
1,61459,2.0,False,146,972.0,988.0,16.0,55.116778556741885,11.852391418113806,1.577438252020721,3.006182875965672,14.925458914459831,2.582490145106151,41.246493720065416,41.66124991654126,13,3.2095589731637544
1,61573,1.0,True,243,974.9,999.6,24.700000000000045,0.1282288750712215,20.034228918423462,0.530860133021319,-0.0101035549944811,51.64437535610771,30.75371242289493,52.61958451810736,55.051960081355006,15,3.2922508507057278
1,61588,2.0,False,158,975.0,991.4,16.399999999999977,55.4486461713776,12.07781921185622,1.4433662036682635,-2.5090941704875305,14.9116914806649,2.597896990425347,41.63068124498172,42.098202360109326,13,3.203796915285571
1,62059,2.0,False,126,982.3,996.0,13.700000000000044,54.60771793791959,30.80428474991949,3.3188239940562494,-2.43024170246848,21.93263680729309,5.013746144746947,41.62706821814285,41.92721455759423,8,3.736116846991119
1,62193,2.0,True,228,984.3,1007.0,22.700000000000045,55.48654841826244,31.202436008992493,2.135073444890629,-2.540632777014437,14.73226893254391,2.472061879133946,49.863269989459205,50.66086107394796,8,3.111877268945163
1,62315,2.0,False,160,986.1,1003.5,17.399999999999977,55.427632719795874,12.019157820744669,2.849959467003351,-2.390102348218069,15.0323655461144,2.8386313000099093,41.42535065911962,41.8399876877547,13,3.204522844966685
1,62397,2.0,True,267,987.1,1013.7,26.600000000000023,0.1052562117571283,19.60563393365868,0.7945879337375478,0.4397350825065995,52.961757128347415,31.290788654717964,54.13273067193825,56.36887803034954,15,2.7481579098999767
1,62855,2.0,True,222,994.0,1016.1,22.100000000000023,20.833527386231328,31.280003235935293,1.1468672350623874,-1.7305862907439948,14.909573413927218,2.6322567010181586,29.25383072684387,50.32031853448508,4,3.175437756738368
1,63114,2.0,False,190,1000.5,1019.4,18.899999999999977,55.28081725171551,31.209898013847948,2.067033455512881,-2.4559184860892533,15.052319964327298,2.700665727884163,49.30627059042735,50.09971108336931,8,3.67376017747659
1,63230,2.0,False,199,1002.8,1022.6,19.800000000000068,55.373622017984985,31.214977193623504,2.0441291996140243,-2.4573771200044976,14.999869943270491,2.482182615131172,49.55414554686975,50.299192864097485,8,3.9689915845221306
1,63317,2.0,True,286,1004.2,1032.7,28.5,0.1440898506205563,19.77042509971016,1.0310203862026104,-0.2821685193586442,52.62604355042485,31.27514352689078,53.72814914211276,56.2915041459468,15,2.5558100058708235
1,63526,2.0,True,275,1007.4,1034.8,27.399999999999977,0.138606287313895,19.7032670560111,1.163320061136881,-0.4277351123397781,52.82876483266034,31.262853165952382,53.94327426627802,56.325316766336485,15,2.786434810409309
1,63638,2.0,True,278,1009.3,1037.0,27.700000000000045,0.1326823890801892,19.615698234325063,0.747333247576405,-0.2609896571264574,52.69605122996507,31.23360085280056,53.831992394442246,56.41140951125257,15,2.7486086911126595
1,63651,1.0,False,132,1009.4,1022.5,13.100000000000025,20.765080387445188,31.201997067530407,1.741771300038745,-1.7175625763895976,52.27388708598608,30.954340024029527,31.50977996713419,39.03124271198348,2,3.951325694824839
1,63794,2.0,True,304,1011.9,1042.2,30.300000000000068,0.1196546064854955,19.764781566626205,0.3836580132256687,-0.2114385564557758,52.39088240394382,31.291886008373176,53.52714631161204,55.98889019575946,15,2.897884261943941
1,63832,2.0,False,189,1012.9,1031.7,18.800000000000068,55.34307726608368,31.246392861124185,1.3724634463297318,-2.330008593494381,15.02099487204895,2.5283780687194986,49.503481718037776,50.255625351766966,8,4.06677709234246
1,63926,2.0,False,193,1014.6,1033.8,19.19999999999993,55.261197265092775,31.222784081056304,3.250034283431153,-2.316753024491143,15.050926499368297,2.5819007094284934,49.36766224321406,50.13559933121724,8,3.957371981873941
1,64082,2.0,True,205,1017.4,1037.8,20.399999999999977,55.36905145291946,31.21450689919984,2.019642409739661,-2.483110846052555,20.83759630391161,31.25981192867937,34.53148486893717,57.073111024290846,2,4.079177419977823
1,64344,2.0,False,189,1021.0,1039.8,18.799999999999955,21.286570713701785,31.25742910359948,4.456584106234082,-2.5513511052169093,52.42248618921396,31.26028222310304,31.135915606234057,39.48387915666024,2,3.0659616693808984
1,64373,2.0,True,197,1021.6,1043.2,21.600000000000023,55.4458592414596,12.115881707211331,0.8620017894002122,-2.9127140676136296,14.802332350682487,2.524863401726658,41.75983608992573,42.19827091331725,13,2.5438192000448177
1,64392,2.0,True,331,1022.1,1055.7,33.60000000000002,0.1328802611043674,19.51718722904848,0.6180175064903838,0.4166465000046724,52.915159660118405,22.72023713677013,52.87937733433458,53.86609603143148,16,3.0913664965116467
1,64487,2.0,True,270,1024.3,1051.3,27.0,21.263216240988925,31.248963803973545,3.838222115737015,-1.9143904596949288,14.822844154878984,2.5608471957291847,29.402150042739564,51.29249253085312,4,3.1518214590617215
1,64592,2.0,True,309,1026.6,1057.4,30.800000000000185,0.1353037753610622,19.461128133747863,0.8629413425300345,0.9124103457938704,52.40765972205019,31.21604319431714,53.57776800407577,56.06712869686408,15,3.311993855712089
1,64705,2.0,True,258,1028.3,1054.0,25.700000000000045,55.58988777962196,12.107729937201178,1.308894026602883,2.9075262899755803,20.684593851413283,31.27087952411624,39.81966657702102,50.43022177420679,10,3.1249002377465493
1,64734,2.0,True,225,1029.2,1051.6,22.399999999999864,55.38404513587831,31.216544841702383,2.395691353916144,-2.498057723782946,21.03741917903238,31.307217606584587,34.34674564161463,56.868612361622205,2,4.194062761246127
1,64820,2.0,True,216,1031.8,1053.9,22.100000000000136,55.595127207867804,12.050322664552729,0.6955732503580603,2.282338428962502,14.919550623033668,2.608466073773132,41.7570495412398,42.34645980596896,13,3.202237328498942
1,64975,2.0,False,1407,1035.2,1176.4,141.20000000000005,38.18746129264002,9.213005053632918,0.6828220573191922,3.1275424098000646,14.929137661951597,2.193525303775361,24.294499666971944,32.91371837048496,13,2.430224530091132
1,65201,2.0,True,279,1039.5,1067.3,27.799999999999955,0.1198664131592637,19.494142802289,0.7465664292754812,0.2437272686201492,52.79337082270171,31.301762191270097,53.9807182465844,56.39076930060656,15,3.5694583146820715
1,65485,2.0,False,126,1043.7,1056.4,12.700000000000044,38.896066093591294,9.42106330666138,1.443319076741557,-3.097213916054983,15.1993583868011,2.8174461038719745,24.599628377315494,24.979714186467596,13,3.004181153426559
1,66275,2.0,True,300,1056.0,1086.0,30.0,0.2951397800183318,19.95775904513588,1.4096256133545602,0.4396167281757667,15.158836425793346,2.4929648986176827,22.933567375309924,67.47632978857854,17,3.314737045528293
1,66577,2.0,False,138,1061.9,1077.1,15.199999999999818,55.307738994723415,12.107792643124334,1.606235565352765,-2.529071631537432,15.027683503852158,2.30284681020388,41.456239978249016,41.834680784848985,13,3.496290268788562
1,66578,2.0,True,246,1061.9,1086.4,24.5,0.101071357792256,19.597513516610103,0.9956393832045092,-0.0452149183857909,52.79743974038199,31.311575668243865,53.982649923896304,56.34898854100298,15,3.0027135187878327
1,66656,2.0,True,378,1063.7,1101.4,37.700000000000045,0.152027027027027,19.68357739614041,1.337897076815591,-0.2267339689727548,52.540763494933984,31.304333134119453,53.66210648703215,56.51929059867402,15,2.4690806969664525
1,66911,2.0,True,241,1066.9,1091.0,24.09999999999991,21.99812966036614,27.494101772487426,1.2907477141092287,-1.7849573129194132,14.921612951172984,2.429562939715609,26.04435055122351,47.0934408461911,4,2.71178192213884
1,66928,2.0,False,93,1067.0,1076.2,9.200000000000044,0.2094115861966457,19.652726081948128,1.2180298897413926,0.3094573881698269,19.64016399534273,31.20262412676196,22.604297910599453,23.95633176690018,14,3.2009860952181377
1,66955,2.0,True,304,1067.4,1097.7,30.299999999999955,55.38605172541928,31.277651763816976,1.42237444821132,-2.4446528919989774,14.989836995565684,2.509315468080363,49.59305735407969,50.39195725288327,8,2.129055403818302
1,67119,2.0,False,137,1069.5,1083.3,13.799999999999956,55.407789778779694,11.96504260906186,3.34755185788108,-2.132748909022793,15.06536279634355,2.405044923761984,41.45967885278576,41.88456406695656,13,3.885568687479386
1,67216,2.0,False,93,1070.9,1080.1,9.199999999999818,0.1071842098744023,19.365188071320635,1.0342525800333189,-0.5408044504123148,19.4422362325662,31.26655281541853,22.704332614993437,24.164172102178,14,3.0890794942255018
1,67900,1.0,False,192,1081.5,1100.8,19.299999999999955,55.3844910446652,31.202843597493,1.4476140138981275,-2.477725142750733,14.975010528401912,2.473532333031932,49.5812408207434,50.375227871158486,8,3.3692546453605074
1,67993,2.0,True,204,1082.8,1103.4,20.600000000000136,21.285623157529667,31.228866555602345,1.284171241766479,-1.4991041148943487,52.101041692471576,22.61987630676047,31.995386114068005,36.59553070686502,3,2.8913915483976136
1,68068,2.0,True,230,1084.2,1107.1,22.899999999999864,55.407789778779694,31.21485178177719,1.7278425105280533,-2.465076197960055,14.742078925855278,2.3493056286694576,49.86902639806444,50.62659363915393,8,3.2856847520251153
1,68174,2.0,True,229,1085.9,1108.7,22.799999999999955,55.32819506032155,31.25140933497659,2.050350844092487,-2.594322725984495,15.017093170163747,2.543223696026457,49.48883569330669,50.2714417013132,8,2.873119469300346
1,68349,2.0,False,177,1088.0,1105.6,17.59999999999991,0.2947490524438279,19.590521806178312,1.2835656370693087,0.4979877139020479,52.60296777070379,31.24382191827483,53.59056958999327,55.88749288539931,15,4.1155968451153075
1,68627,2.0,False,179,1090.9,1108.7,17.799999999999955,0.2975231624842074,19.48893821066713,2.2996530778016337,0.6133351595516547,52.107228676889534,30.851972604478902,53.04115511679917,55.32429090266761,15,3.9676028936952945
1,68795,2.0,True,226,1092.9,1115.4,22.5,55.29285678896128,31.15490491924097,1.8997165935567744,-2.4746341152748976,20.59413010627493,31.1152434228454,34.69874934971096,56.57289839629524,2,3.669518401635462
1,69231,2.0,True,331,1098.5,1131.5,33.0,55.33571977110016,31.23287973468427,1.6792220336319057,-2.49809154479652,20.670714940421632,31.28407912094037,34.66504264079476,57.37820161405931,2,3.0569139490137145
1,69233,2.0,True,671,1098.5,1165.5,67.0,0.2727707657244779,19.82215748631308,1.2855308799434866,-0.3841259202563848,15.193673049768377,2.424844318998192,22.919420376868487,80.58775706258467,17,2.836327273809034
1,69333,2.0,True,300,1100.0,1129.9,29.90000000000009,0.1168420368122476,19.49216756570961,1.2975069748857544,-0.1849126422488182,14.927967151386031,2.3791160245373697,22.632409509603168,67.35857850767083,17,3.0858402727832654
1,69356,2.0,True,275,1100.4,1127.8,27.399999999999864,55.38181559194391,31.241156916540746,1.339150049973281,-2.4096124697408983,15.260447890603707,2.638549240406768,49.27304853671004,50.21394819509044,8,3.1524485742137296
1,69571,2.0,True,204,1103.0,1124.9,21.90000000000009,54.27005350905443,11.5944506032155,2.9584471722412617,-3.0284659845793285,15.622079916763694,2.7252307732801544,39.65260298116783,40.23836997979727,13,3.9025491509340786
1,69720,2.0,True,241,1105.2,1129.2,24.0,0.12304407065177,19.502169160452844,0.785877372431361,0.282723659475584,52.74961602298907,31.25322780674809,53.92256906679433,56.30552532059339,15,3.5843754851793905
1,69825,2.0,False,97,1107.1,1116.7,9.600000000000136,0.0929909331880001,19.520573348898854,0.9436473646001168,0.4723705965002017,19.6693710208834,31.29314012683628,22.84355458064513,24.181718684228493,14,3.2027214573871654
1,69959,2.0,True,252,1109.9,1135.0,25.09999999999991,0.1118473010132038,19.55393290001734,0.7862761105143973,-0.3921849953054203,53.26620135258999,31.3111053738202,54.43910781064588,56.75847853530029,15,3.988176774457767
1,70259,2.0,True,230,1115.1,1138.0,22.90000000000009,0.1108629573661654,19.43777017737261,1.050955291711282,0.5333979815215504,52.877090197438505,31.21961743193698,54.065577421135885,56.43811529413615,15,3.7110349874275643
1,70529,2.0,True,213,1119.2,1140.4,21.200000000000045,0.1540782074466767,19.56876285084352,1.170709170261245,-0.0522570284251235,52.74978323878416,31.30853443097084,53.88998445441439,56.316275560784405,15,3.5709441182526365
1,70654,2.0,True,375,1121.2,1158.6,37.39999999999986,55.53810662174548,31.22466525875096,1.7849828498873166,-2.5387782896014106,15.004774939926175,2.363332943679243,49.75869250924284,50.54238326469097,8,3.40029740055016
1,70770,2.0,True,268,1123.5,1150.3,26.799999999999955,0.2227464884683033,19.69599316892511,0.6239282254281272,-0.3443859745559073,52.75022914757104,31.27699335162385,53.78899515452959,56.120623256137065,15,3.6344874667633396
1,70903,2.0,True,290,1126.4,1155.3,28.899999999999864,0.1095692644982287,19.617265882403945,0.3780065470454757,0.4384589827284554,55.5171489087621,22.658722626155026,55.49099333368933,56.29652279533002,16,3.386901718475445
1,71171,2.0,True,277,1130.5,1158.2,27.700000000000045,0.0853775980380013,19.53251882725989,0.2341830953534984,-1.1240751824615602,53.003839770109245,22.646463618178217,53.01000179982852,54.13903388882893,16,3.035044310962403
1,71485,2.0,True,276,1135.2,1162.7,27.5,55.40238313473876,31.198987183218964,1.5645969115937386,-2.509840813555203,20.29815814898308,31.284925650902963,35.10433017835237,57.42400611421316,2,2.9070856889979693
1,71514,2.0,True,257,1135.9,1161.5,25.59999999999991,0.1285426833799886,19.421842872891222,1.870073126267723,1.1354324384181689,52.8302140362177,31.245483625238435,54.01170839756025,56.57325753990934,15,3.0392935441392046
1,71850,2.0,True,220,1143.6,1165.5,21.90000000000009,55.34017885896896,31.12784731339956,2.5398892013388545,-2.478458235936836,20.54625065028365,31.25545386702009,34.79416220608961,57.17920686825218,2,4.019777052113253
1,71944,2.0,True,214,1145.9,1167.2,21.299999999999955,0.1531139296950479,19.463949900289844,1.870293649430585,0.1335979312528045,52.82112864468502,31.211402956003663,53.9622314893908,56.28695365000242,15,3.511208302743764
1,72061,2.0,True,310,1148.1,1179.4,31.300000000000185,21.02950429806525,31.27918805893428,0.4981608878948199,-2.709153960292757,52.22483711942924,22.653674799341044,32.3658503492043,36.94268638551623,3,2.388762512901222
1,72317,2.0,False,131,1152.4,1165.8,13.399999999999864,55.402773304927294,12.009563814501943,1.9851215137070493,-2.713118972006153,20.16533306909109,4.211862799440136,36.08990628270492,36.4616726182812,13,3.6784792449375936
1,72328,2.0,True,1044,1152.6,1257.1,104.5,0.1174206034632249,19.46025025082369,1.2136042733746863,-0.4053111759633024,14.94836747838581,2.1665899744841086,22.78217880186664,70.5346886361286,17,2.470450563527768
1,72426,2.0,True,295,1154.5,1183.9,29.40000000000009,0.1285008794312185,19.51351893254391,0.7506004883557976,-0.0665968120763573,52.68941833676022,31.26683499207273,53.8589870156442,56.37422724463905,15,3.535467979752633
1,72825,2.0,True,200,1160.5,1181.1,20.59999999999991,5.544636088884484,20.79660753214259,0.3767140456724672,-3.026540099921054,52.91616295488889,31.2332559702232,48.50757866804596,51.4330484979063,15,3.603256540508427
1,72830,2.0,True,224,1160.6,1183.1,22.5,21.38751331533183,31.22827084933237,1.5755003185066483,-1.6943990523438506,15.349741125176504,2.542226671848292,29.31456674714435,50.44910578011117,4,2.7735504664840187
1,73033,2.0,False,169,1164.6,1181.4,16.800000000000182,55.40082245398469,12.051357312284788,1.2083956751702971,-2.1602025007300143,15.207440483563303,2.299811843523175,41.35940755438259,41.85273994707055,13,2.972729061488757
1,73078,2.0,True,486,1165.6,1214.1,48.5,0.0846067332226818,19.5627744351822,0.5184921807125428,-0.86380184614685,52.95267173681473,31.258839986870463,54.14637796393608,57.16953462048669,15,3.5786129779705353
1,73352,2.0,False,177,1169.6,1187.3,17.700000000000045,55.30701439294473,11.905471982064556,1.249320137451341,-2.7680915685447163,15.447896796888548,2.6616563730894045,40.91695715163785,41.33221388064794,13,2.8632995924477447
1,73376,2.0,True,464,1169.9,1216.2,46.29999999999996,0.372452560259618,19.136687687343624,0.5695161778587616,1.3087539301856117,52.93294027299526,31.231186674759087,53.93405023134484,56.981263054195296,15,3.7036292945900913
1,73506,2.0,False,165,1172.4,1189.3,16.899999999999864,55.2946404241088,11.929174821017169,1.1685164424540575,-2.933029649622254,15.454919860281912,2.486017082332103,40.94357779532095,41.34146021039087,13,3.070931424304881
1,74232,2.0,False,195,1184.4,1203.9,19.5,55.3106931404365,11.95980666447841,2.530642156592829,-2.6027308894159726,15.122439121064234,2.298664325129437,41.33320012322724,42.11282701184855,13,2.7054924204283832
1,74460,2.0,False,182,1187.8,1205.9,18.100000000000136,55.52004731587682,12.11240152847623,1.5302802492644607,-2.786096741767383,15.019657145688308,2.209204919860282,41.69358352320421,42.351744986984976,13,3.070496330689766
1,74531,2.0,True,348,1189.1,1223.8,34.700000000000045,7.587026531572818,21.583974456239005,0.7828793512779639,0.708262837163941,15.156272450268784,2.3438721604280723,20.675469042586787,59.72274269950015,17,2.386634389976556
1,74710,2.0,False,175,1191.5,1208.9,17.40000000000009,55.34296578888696,12.041512482349445,2.050352077533935,-2.929817472489846,15.262175787152874,2.334767260385959,41.23943052428365,41.65547453615299,13,3.068276751278831
1,74783,2.0,True,218,1192.4,1214.1,21.699999999999815,55.45282656625461,31.17359128434117,1.9109942825802653,-2.453511435495479,15.058897118933784,2.1626771248792327,49.73231018726962,50.41808313626044,8,3.0772841796674246
1,74881,2.0,False,128,1193.7,1207.4,13.700000000000044,21.74764039933609,29.656515532489408,2.057505743427049,-1.200316154551712,52.84481754898803,31.21754813647286,31.13633326947048,37.69858372796829,2,3.6069940484439456
1,74926,2.0,True,444,1194.3,1238.6,44.29999999999996,0.0757247875740084,19.539761361384297,0.306518045097282,1.435542873003809,15.038218098942204,2.17039622401962,22.925336450482845,68.23601716620895,17,2.3432612515217524
1,74928,2.0,True,220,1194.4,1216.3,21.899999999999864,55.49295835707384,31.254011630787524,1.9392936828418288,-2.549470343133392,20.350831124433324,31.166944456486736,35.14223509010113,56.93078939777201,2,3.7345727494381884
1,75036,2.0,True,194,1196.0,1216.1,20.09999999999991,55.35076919265737,12.13613572039042,1.5817315885273342,-2.25164003437394,15.180351524760324,2.2909577671736816,41.359279303969984,41.8626935123562,13,2.7878815814229707
1,75074,2.0,True,220,1196.8,1218.7,21.90000000000009,55.38376644288651,31.15217721158372,2.1453534634545224,-2.4421696593517264,15.121268610498673,2.2065650004954542,49.58747017118071,50.32106865361602,8,3.1139105508707314
1,75317,1.0,True,268,1200.2,1228.2,28.0,55.19052072237223,30.995569168503973,1.587226805262711,-2.356415275553812,20.8971808655585,4.206156560433027,43.51672996010155,43.98063055961147,8,2.6679253232269873
1,75398,2.0,True,336,1202.0,1235.5,33.5,55.4757351301806,31.247803744395178,1.5892874295773898,-2.560985075067761,15.12940644585924,2.284138498030569,49.666086445448485,50.4806334027933,8,2.4037289434002473
1,75509,2.0,True,231,1203.4,1228.2,24.799999999999955,54.49323085688805,11.822856928307775,2.793347687456358,-2.987480801220429,15.098750216761216,2.2130613341343177,40.54963965643989,41.07230235302208,13,2.602088112303245
1,75744,2.0,True,401,1208.0,1248.2,40.200000000000045,55.56452671736814,31.19807794733321,1.2804109197562694,-2.6979244755836627,15.305094507890107,2.532334812470582,49.422127749657655,50.31581437231509,8,2.649895455665261
1,75815,2.0,True,268,1209.4,1237.3000000000002,27.90000000000009,0.1253795179230559,19.163400410607675,1.2253304537369614,0.1857367306254088,52.93706492927391,31.26652146245696,54.18080522826517,56.72968197883347,15,3.3683323685856044
1,76014,2.0,True,271,1212.3,1239.3000000000002,27.000000000000227,0.1516145613991626,19.42168610808333,1.7261726041446352,-0.082291116057748,52.74838977382515,31.253102394901777,53.91106726914671,56.315784064618285,15,3.2025096202113037
1,76077,2.0,True,309,1213.8,1244.6,30.799999999999955,55.311529219411895,11.971532672108404,1.4810175710153544,-2.5086581094540046,14.986771372655884,2.2376389207149403,41.482945688112935,42.02753111173354,13,2.743544846377488
1,76087,2.0,True,210,1214.0,1235.1,21.09999999999991,21.481600069363587,31.276146821661257,3.373205877658818,-2.5067796503621658,52.90390046324968,31.274861350236577,31.422300420180104,40.12679184492336,2,2.62136590824679
1,76155,2.0,True,276,1215.0,1242.6,27.59999999999991,0.1413681348626353,19.38870279250378,1.3359302799936774,-0.0154799628620815,52.87513934649589,31.25075092278346,54.0514459755329,56.48932829495898,15,2.9369616891070174
1,76362,2.0,True,342,1218.3,1252.7,34.40000000000009,55.12642133425819,11.850917828919664,1.2648586666279036,-2.918265999603739,14.869385884509624,2.1097595963286846,41.41882503059071,41.94723141077611,13,2.489883229172859
1,76604,2.0,True,320,1221.8,1253.7,31.90000000000009,0.1502952287759803,19.2946439077712,1.3186580318551115,-0.4047360294956367,53.08728045185424,31.274704585428687,54.27565069484438,56.998460915687886,15,3.6303997432447495
1,76672,2.0,True,371,1223.0,1260.7,37.700000000000045,55.37423514256695,11.92306099350955,1.1025478701669291,-2.107249593891531,15.13146877399856,2.1884085004459086,41.40342623691776,42.060332320535736,13,2.5792348388318236
1,76781,2.0,False,87,1224.1,1232.7,8.600000000000136,0.1240144796492184,19.23579439889018,1.3239170855722917,-0.0072979567133513,19.563356206802585,31.24620474335472,22.850338365710623,24.24403198675936,14,3.438015205281831
1,77129,2.0,True,282,1230.5,1258.6,28.09999999999991,0.099157294324572,19.16387070503134,0.4827333872595963,0.900969624170688,53.227518765328114,31.30198166200114,54.49730754998199,57.05447599390426,15,3.0274691048636417
1,77319,2.0,True,267,1235.0,1261.6,26.59999999999991,0.1208306909108925,19.283670371219067,0.8582568835246366,-0.2255893614525547,52.929094309708425,31.21873954901281,54.14017531104916,56.728205843421264,15,2.821293024943365
1,77346,2.0,True,310,1235.7,1266.6,30.899999999999864,55.44223623256621,11.970247200683726,1.5023994290839502,-2.531608666434134,55.561795526048506,22.693461707582927,10.723881003891805,68.46837539772582,12,3.525248510271673
1,77368,2.0,True,312,1236.2,1267.6,31.399999999999864,55.50594545049173,31.14960626873436,1.7217252914478434,-2.423844538730978,15.033703272475044,2.201507767793,49.75936890411931,50.591297076040775,8,3.0706864592148335
1,77431,2.0,True,320,1237.8000000000002,1270.8000000000002,33.0,55.456170882156215,31.18262093727549,1.8812840437831992,-2.5377571325072394,15.05321178190106,2.260297706047018,49.68802557104225,51.28876059628675,8,3.1656728294447922
1,77474,2.0,True,246,1238.7,1263.5,24.799999999999955,55.27518765328114,11.911397691802708,2.0562334563965003,-2.6101746004677944,15.2032600886863,2.4598028711571334,41.17149527762855,41.89980120008727,13,3.088496869344514
1,77847,2.0,True,279,1245.8000000000002,1273.7,27.899999999999864,21.0167401590408,31.23021473295018,1.2050671761764056,-1.6427639795058169,14.87724502687839,2.1353091247182103,29.73561724312737,51.29673895386393,4,2.2724959659584485
1,78571,2.0,True,439,1259.2,1303.0,43.79999999999996,20.939932370500657,31.225135553174624,1.3409752606848535,-1.5927963734934842,15.208109346743628,2.3672050344340674,29.42165782208964,51.73003936872262,4,2.808148759609116
1,78988,2.0,False,179,1268.1,1286.0,17.90000000000009,55.40015359080437,31.117375424232662,2.738068267371936,-2.363173134986704,15.179738400178364,2.3176140551068944,49.46825298133064,50.54954989799674,8,4.50082548727844
1,79354,2.0,True,350,1275.0,1310.8000000000002,35.80000000000018,55.13979859786458,11.947986597963682,0.7385037887513969,-2.916737989164063,14.889117348329078,2.224505165110114,41.40849468680016,46.14939739567798,13,2.787156883823865
1,79491,2.0,False,186,1277.8000000000002,1296.3000000000002,18.5,55.51202095771298,12.08669209998266,0.9565407176976114,-2.797347977001728,20.552995020685213,31.249402745435628,39.86656460929554,49.9922725918992,10,4.105854132638578
1,79777,2.0,False,96,1281.7,1291.2,9.5,0.1285973072063814,19.6753629202071,1.202845520103047,-0.1577944617199963,19.487440235836203,31.255328455173785,22.55793433199009,23.93346138403972,14,3.0860936823591314
1,80151,2.0,True,492,1290.4,1339.5,49.09999999999991,55.461075878811904,31.13123343324993,1.631627867027338,-2.519678115902724,52.70212673718632,31.26765016907375,2.7623196578038143,75.3252289329205,6,3.0112167940759385
1,80319,2.0,True,409,1294.8000000000002,1335.6,40.79999999999973,0.3210743924492779,19.411088807070133,0.942341010280869,0.4731800644664812,52.71834666930909,31.2776204108554,53.72419114662423,56.23567200448652,15,3.62752660929653
1,80427,2.0,True,211,1297.1,1321.3000000000002,24.200000000000276,55.25567914385513,11.88606449884807,1.1962592909361416,-2.768252564716159,20.94166026704982,4.389101091237892,35.12344447534719,35.692909409255,13,2.2418444901798487
1,80526,2.0,False,125,1298.8000000000002,1311.2,12.399999999999864,0.1143416032898159,19.278058191096687,1.1050875847022497,0.7621670955708382,19.798851784873783,31.27965835335794,23.05468168385051,24.370011009146843,14,2.609455132613688
1,80594,2.0,True,207,1299.9,1320.5,20.59999999999991,55.36921866871455,31.029681190700327,2.102491496278629,-2.449948732124908,15.118202987588871,2.4406211292640028,49.37082760657997,50.13736552210504,8,4.3600439709431775
1,80624,2.0,True,273,1300.4,1327.9,27.5,55.404779894468255,11.964415549830308,1.8646671870005689,3.128601258534935,14.823290063665866,2.3328923532836225,41.7087947077488,42.49693661181843,13,2.269088568345903
1,80855,2.0,False,181,1304.3000000000002,1322.3000000000002,18.0,0.1745119776054698,19.31088474186836,1.7492649596256171,-0.4087144873690313,52.84883072806996,31.271569289270936,54.01519999655662,56.48830471999958,15,4.427895310626133
1,81336,2.0,False,143,1314.1,1328.3000000000002,14.200000000000273,21.29521019644759,31.223912787673097,1.1666808000214668,-1.8247806541525435,52.494388981098425,31.19412747417445,31.19919300240804,39.39783135518373,2,3.8409926224703286
1,81475,2.0,False,192,1316.7,1335.8000000000002,19.100000000000136,21.354683280897763,31.28730847598285,4.5001778646724135,-2.502569166279415,15.013525899868704,2.386951129635593,29.58785108245523,50.680556895051794,4,3.9439658198310026
1,81678,2.0,True,219,1324.0,1345.8000000000002,21.800000000000185,55.48058438823792,31.24517009562266,1.003213012406318,-2.379834035657592,20.023924245051653,4.3673421359030895,44.49261044647411,45.01258972529913,8,2.7394824426515623
1,81730,2.0,False,151,1325.4,1340.4,15.0,55.63124581960513,12.16626591646642,0.9354177597977256,-2.518546105262775,15.015309535016224,2.5672149822255803,41.73483028732638,42.20204132264482,13,3.7827757905028134
1,81932,2.0,False,143,1328.0,1342.8000000000002,14.800000000000182,55.58944187083509,12.037844185844872,1.3448332718784113,3.0591776783498834,14.878471276042308,2.378670812482969,41.84116103822582,42.28757465803917,13,3.4010792537376413
1,81988,2.0,False,156,1329.2,1344.7,15.5,20.950634181385784,31.244229506775334,1.2798143425950304,-1.4859578923605217,52.109068050635415,30.95612714283945,31.15976579110485,38.819402649196086,2,3.654827608529125
1,82060,2.0,True,243,1330.3000000000002,1354.5,24.199999999999815,55.35205118041965,31.18647735154953,1.745950194916171,-2.421164029670831,15.116530829638071,2.340859140820472,49.50723975195246,50.27009375836526,8,3.28517601658686
1,82212,2.0,False,157,1332.1,1348.9,16.800000000000182,55.5138045928605,11.995862570292566,1.1834843080083135,2.7723209628854013,20.127207867812817,4.262341067579953,36.22179706494521,36.753858209231296,13,2.8949948683350635
1,82422,2.0,True,291,1335.0,1364.0,29.0,55.24430846978968,11.998590277949807,1.1848727351137762,-2.5876987978418287,52.58680357717938,31.27740094012436,19.46111180796777,68.54583673799995,11,3.4160566487176824
1,82642,2.0,False,195,1338.5,1357.9,19.40000000000009,55.37679911809151,12.1203965336785,1.0170980237521503,-2.811044172701996,15.048585478237172,2.4217278346173856,41.47805431690211,41.98548082550941,13,2.914654958625247
1,82683,2.0,False,115,1339.5,1350.9,11.400000000000093,20.88319047737013,31.234353323878416,1.493116395576291,-1.754214620063013,52.51055317462283,31.24071797507865,31.627363337659943,39.30844987959981,2,4.62532041308657
1,82800,2.0,True,245,1341.0,1365.8000000000002,24.800000000000185,55.49658136596725,31.205320481457623,1.8541735150837493,-2.5905810428128357,15.232857284415488,2.349923282012535,49.53585998499547,50.40529013648097,8,3.9504532991775374
1,82852,2.0,False,197,1342.1,1361.7,19.600000000000136,0.1916014318626601,19.53402376941561,1.344595429638319,-0.3623576082765439,52.52376322243417,31.309380960933435,53.64060210943184,56.1122873240242,15,4.086246733626443
1,82916,2.0,False,124,1343.1,1355.4,12.300000000000182,20.903980974558426,31.2292114381797,1.4769700262976406,-1.45833624703552,52.15371466792182,30.96719473827632,31.250832127435576,39.19012001325502,2,4.15424538217372
1,83131,2.0,True,444,1346.1,1392.6,46.5,55.44842321698417,12.069479324076596,0.7752059166706214,-2.763587319187657,53.60470186043055,22.60924765278569,10.699814244344209,67.03787045011997,12,2.7200035964202716
1,83287,2.0,True,396,1347.6,1387.1,39.5,0.2955137860133277,19.571741382193377,1.802848483544209,0.2216979357504295,15.13676394084277,2.2091202668640224,22.8412634972916,67.80165556347856,17,3.4359608525834306
1,83351,2.0,False,111,1348.1,1359.9,11.800000000000182,38.37524463051503,9.29041551576783,1.2482048465696294,-2.9873488441963203,14.947196967820249,2.036823201810885,24.52525267438837,24.79507839002733,13,2.481782079283464
1,83505,2.0,False,94,1351.1,1360.4,9.300000000000182,0.2826348254762553,19.637237718928827,1.4149261330358738,0.4630317614787219,19.54039190427825,31.304709369658383,22.5164629199776,23.81625771671838,14,3.391477686952719
1,83553,2.0,True,296,1351.9,1381.4,29.5,21.02376322243417,31.25238127678549,3.432169916899961,-2.5682703659197563,15.420194713503603,2.2691078882503035,29.51999519561021,50.45741436392901,4,2.4018769628965084
1,83680,2.0,True,329,1354.3000000000002,1387.1,32.79999999999973,55.298542125994,31.09690194032253,1.6259456758107993,-2.3687622152799683,20.809949959125028,31.298626895112346,34.48918210990224,57.05000285654671,2,2.793106528780944
1,83695,2.0,True,223,1354.6,1376.8000000000002,22.200000000000276,0.1205748507444199,19.45927830901479,1.3221143356602665,-0.3085277975225304,52.99018381351103,31.262069341912948,54.17103864651399,56.29122387339098,15,3.3146731759376378
1,83802,1.0,True,276,1355.6,1383.8000000000002,28.200000000000276,55.4302524339188,31.137253201872813,1.701459788849068,-2.4874001986026326,15.33090147893081,2.458338687851463,49.299473472987934,50.1817407838398,8,2.7327408260063204
1,84288,2.0,False,126,1362.9,1375.6,12.699999999999818,0.1585161146481036,19.31527415648921,0.8829503224986902,-0.3266968644835192,19.514027547253946,31.28458076832561,22.757419088857286,24.108544277490346,14,2.496373798954513
1,84654,2.0,True,248,1369.3000000000002,1394.0,24.699999999999815,0.1594385884509624,19.38998826392845,1.1125946441119303,-0.1371959664245841,52.81460722867689,31.29909718953601,53.98512443194531,56.33427583112912,15,3.244896731501407
1,84925,2.0,True,254,1373.1,1398.4,25.300000000000185,0.1266603909133698,19.541109538732133,0.9491094508383509,-0.2870378187163542,52.659876879629394,31.166442809101493,53.804156050415486,56.20806617048055,15,3.1540371742652127
1,84994,2.0,False,184,1374.4,1392.7,18.299999999999955,55.494909208016445,31.19240306128768,1.810395573753002,-2.5663283270520845,15.048752694032256,2.296767470953997,49.70763857721532,50.47423542876813,8,3.4423463603214697
1,85075,2.0,False,189,1375.7,1394.5,18.799999999999955,55.53805088314712,31.19481723932915,1.872661490656468,-2.432256874182043,15.362338048405878,2.524991948869126,49.35632466022054,50.20582475824926,8,3.507133856850899
1,85143,2.0,True,240,1376.7,1400.6,23.899999999999864,0.130456189461689,19.424351109817422,1.1120279435974787,0.2461704759557734,53.05277825946937,31.2593416342557,54.22950464456748,56.50999053934984,15,3.173363246824247
1,85289,2.0,True,240,1378.7,1402.6,23.899999999999864,0.1195659821141031,19.296242908811653,0.9629954905656092,-0.4124172522652524,52.94966185250328,31.25714692694528,54.16716952735778,56.626789958153296,15,3.385212905320618
1,85407,2.0,True,238,1381.5,1405.2,23.700000000000045,0.1430999331136819,19.258337178264423,0.9085337721476766,-0.5413457096574897,53.15004211360765,31.29746683553397,54.35693665237931,56.75502096977552,15,3.41066780426233
1,85564,2.0,True,231,1383.9,1406.9,23.0,0.1108044318378874,19.33932187801917,1.7270489380906375,0.8582092206782558,52.72637302747294,31.2611601060272,53.94931218631773,56.38724826790434,15,3.5265120313911154
1,85971,2.0,True,247,1392.8000000000002,1417.4,24.59999999999991,55.416652215918944,31.083670990536824,2.2795320306378093,-2.4751555156049108,20.54290633438204,31.24269321165804,34.874108445619406,57.07783388499773,2,4.846536662072703
1,86038,2.0,False,109,1394.6,1405.4,10.800000000000182,0.1258025738846087,19.41365974991949,1.1916178925639325,-0.7243524707320035,19.47584660737731,31.282762296554115,22.700215843921725,24.187276087403056,14,3.130156439236227
1,86188,2.0,True,234,1398.3000000000002,1421.6,23.299999999999727,0.1169746946763445,19.39911197574752,1.4562318933037006,0.0874827554902665,52.52370748383581,31.24554633116159,53.72898331972694,56.07482864034816,15,3.792930834485095
1,86332,2.0,True,242,1400.8000000000002,1424.9,24.09999999999991,0.1407120915599375,19.312671860678275,1.3473985459179152,0.4883634409445493,52.79392820868532,31.29721601184136,53.99991172203793,56.31190504337462,15,3.336494953593073
1,86465,2.0,False,95,1403.1,1412.5,9.400000000000093,0.1212431565387569,19.340638702405432,1.0983005741608596,0.0134879149566921,19.669649713875195,31.2462360963163,22.8885003492324,24.18158343598925,14,3.284219859902038
1,86473,2.0,True,224,1403.3000000000002,1425.6,22.299999999999727,20.75131295365026,31.2462360963163,5.1460231181764415,-2.10153125162924,15.067313647286149,2.4047564765154705,29.39623776564161,51.99534742450006,4,3.310721260497008
1,86573,2.0,True,230,1405.4,1428.3000000000002,22.90000000000009,0.2784354794758094,19.42457058054847,1.502716765036223,-0.130018257194968,52.87909678697947,31.266646874303262,53.91719893442,56.54356694854911,15,3.682538944838386
1,86764,2.0,False,135,1410.1,1423.5,13.400000000000093,0.2034581465058091,19.598642223226893,0.6983495669978438,0.2668986880813512,19.69946986399782,31.317093789481508,22.746792740939128,23.96560502086722,14,2.310350109784139
1,86838,2.0,True,226,1411.4,1433.9,22.5,22.185299873659176,26.924261695815893,0.5496495501452384,-1.2036389292614176,14.855395496321252,2.2592285700572248,25.731135949967115,46.03899123419493,4,3.0123629572681234
1,86978,1.0,False,169,1414.0,1431.0,17.0,0.1194227339163177,19.386915673693856,1.03795711949394,0.4012237898954814,19.507227438254017,31.299065836574425,22.75491799054777,24.51620611343834,14,2.4507264650405984
1,87560,2.0,True,611,1424.5,1485.5,61.0,55.36135952634578,31.1997710072584,1.856705635904151,-2.5002448505498625,52.98109842197835,31.27508082096762,2.381452181549183,76.76577929647718,6,3.374203563354851
1,87820,2.0,True,245,1430.8000000000002,1455.2,24.399999999999864,0.1895864815319444,19.35863530235093,1.5739190918423374,-0.0150910749340686,52.96894740753586,31.264891108454925,54.10563618587045,56.47646039646388,15,3.5385637967297123
1,87886,2.0,True,354,1432.3000000000002,1467.8000000000002,35.5,21.322856541234177,31.236265854534643,2.357207786813796,-1.9046806429100689,14.930754081304036,2.290095560730299,29.64354480382139,51.5205295400612,4,2.3334364055300814
1,88017,2.0,True,355,1434.8000000000002,1470.2,35.399999999999864,21.4868952362078,31.27015840599995,2.0200895916259705,-2.5903017212012736,14.878527014640673,2.2934158393613595,29.72073586446108,51.7621778543712,4,2.2648284838080275
1,88171,2.0,False,155,1437.9,1453.7,15.799999999999956,55.5265129932866,12.12409618314465,1.028784913596467,-2.538812978067395,15.224496494661482,2.5472023868506453,41.42426135299151,41.76950510251668,13,3.3144732448089846
1,88271,2.0,True,230,1439.9,1462.8000000000002,22.90000000000009,55.45160031709069,31.17371669618748,1.1338723205003682,-2.404606176299588,14.954888894393935,2.297676706839745,49.73740364674845,50.570474389036015,8,3.041399190401335
1,88417,2.0,True,377,1441.8000000000002,1479.4,37.59999999999991,21.361148958307528,31.262037988951374,0.7351108200189893,-2.5999297893822093,15.05599871181906,2.3324816294869573,29.6086837057344,50.72292274702045,4,2.6450068094474264
1,88468,2.0,False,105,1442.6,1453.0,10.400000000000093,0.2872087348576808,19.59324951383556,1.6808627728583043,0.067755516767277,19.942768845839424,31.312484904129608,22.88408882629014,24.22282624805096,14,3.5900552133152503
1,89241,2.0,True,318,1456.4,1488.1,31.699999999999815,0.1731240865063046,19.44658035957589,1.226551298228288,-0.0997530654538505,15.0101815839671,2.2238436176208287,22.732376384039718,68.14606131952138,17,2.9746582098031524
1,89644,2.0,False,176,1465.1,1482.6,17.5,21.335676418856988,31.25216180605445,4.099450546244414,-2.7641914642824377,52.93065499046251,31.270064347115216,31.594983643629067,40.35650665136747,2,4.090450993552107
1,89865,2.0,False,153,1470.3000000000002,1485.7,15.399999999999864,42.93354720439963,10.027586348378629,1.5229131816684467,-3.072322225242946,15.13854757599029,2.386292717442465,28.82622716724235,29.14281993096557,13,2.774236276303642
1,90002,2.0,True,202,1473.3000000000002,1493.4,20.09999999999991,21.090928233458023,31.23476091237892,1.5530179000213105,-1.5537666736947513,25.900779101741524,6.168663837416702,25.52339883218058,39.66166717466715,4,2.5301249363549894
